,1,2,3,4,5,6,7,8,9,10,11,12,13,14,15,16,17,18,19,20,21,22,23,24,25,26,27,28,29,30,31,32,33,34,35,36,37,38,39,40,41,42,43,44,45,46,47,48,49,50
0,164.24425315856934,327.1375629901886,492.74787759780884,657.1622054576874,819.5872931480408,169.9555802345276,336.75357031822205,498.8296718597412,664.9249851703644,829.4063701629639,161.7703070640564,330.68690180778503,496.31558299064636,661.3052184581757,823.2804229259491,165.59842205047607,333.3604140281677,496.5808427333832,659.1793689727783,820.6993408203125,167.388516664505,329.2227506637573,492.2928879261017,671.0430779457092,833.3357417583466,161.89326333999634,328.1110510826111,490.8299207687378,660.2023384571075,822.97185587883,170.49230098724365,332.50366854667664,504.8612563610077,670.5554912090302,833.1287055015564,164.6405770778656,329.59729075431824,506.7638165950775,677.4143741130829,857.8810238838196,162.8949053287506,333.8703067302704,501.03268790245056,664.1894116401672,831.4314496517181,164.44251203536987,336.30424213409424,505.92903757095337,680.6051075458527,850.2590990066528
1,164.08779311180115,326.81583547592163,489.2794563770294,652.7688953876495,829.8928022384644,163.77056765556335,327.4065811634064,491.5817234516144,655.9654197692871,818.9786841869354,164.94886183738708,339.9432349205017,504.634450674057,681.6729397773743,849.2024493217468,164.1783094406128,327.1707057952881,497.50302147865295,661.5327363014221,824.9067814350128,165.36617422103882,330.71036672592163,494.8477201461792,658.3078064918518,825.7668137550354,163.23973155021667,326.8101131916046,490.03252935409546,656.2222158908844,821.6981279850006,164.8090898990631,327.11429595947266,490.3051838874817,655.746967792511,819.5599291324615,171.50825214385986,340.4569933414459,508.88555550575256,672.6897013187408,840.0801467895508,164.91522479057312,329.194463968277,500.9528567790985,665.2702870368958,830.4398171901703,162.6919105052948,326.2727007865906,489.45166969299316,666.2359981536865,836.0008311271667
2,167.7031011581421,332.3240044116974,498.33304738998413,663.0181972980499,826.327436208725,162.81072235107422,331.72514629364014,507.7066419124603,680.623241186142,845.3968620300293,165.32697248458862,332.63512659072876,499.6366629600525,670.3727416992188,833.9567358493805,167.30073165893555,330.8248760700226,505.232328414917,671.3730850219727,838.5630178451538,163.92511677742004,328.736985206604,500.81386375427246,663.0027980804443,832.8663086891174,164.57474565505981,332.43935775756836,497.7008526325226,663.3053135871887,827.3617701530457,165.39950466156006,325.84365224838257,485.64322543144226,644.226809501648,803.1670610904694,159.51895236968994,321.1441128253937,481.0133845806122,640.2339658737183,802.7126605510712,158.09998631477356,320.08545327186584,477.1570427417755,643.0682220458984,802.0356571674347,158.72811484336853,316.51240968704224,497.2375464439392,663.8697299957275,821.9980757236481
3,158.02054619789124,320.9931457042694,494.7016062736511,653.4697477817535,818.9998412132263,163.68323850631714,323.27657675743103,480.54479718208313,659.8348875045776,817.4163165092468,158.06302857398987,317.30185437202454,476.5829174518585,635.9133458137512,795.3090016841888,165.82236623764038,325.9162771701813,482.48565578460693,641.3233597278595,798.6940290927887,157.31307816505432,316.77014565467834,473.77848386764526,632.169839143753,791.011554479599,158.98408031463623,341.92244958877563,503.9459373950958,670.0090401172638,836.3530426025391,160.8035192489624,318.9980285167694,476.4428973197937,654.8278596401215,812.5315256118774,163.1302366256714,320.835973739624,479.52946066856384,639.3198189735413,799.6986827850342,160.77874612808228,322.3594379425049,482.2134132385254,649.2573993206024,808.6505608558655,157.23325395584106,318.12349128723145,484.3999571800232,644.1013381481171,804.0765233039856
4,156.69213771820068,312.7375400066376,486.4325478076935,643.8093228340149,810.8319778442383,157.35099077224731,332.6006851196289,489.93471932411194,646.9763934612274,804.8473484516144,157.45136260986328,316.60266971588135,474.00509548187256,631.9272079467773,791.0678808689117,166.39379262924194,325.56864643096924,484.6565451622009,656.6175487041473,814.2372155189514,176.5266237258911,337.6555869579315,517.2969365119934,677.2748630046844,845.172520160675,158.76865100860596,323.420294046402,480.67376613616943,646.2093150615692,804.6716482639313,157.09900403022766,316.2828185558319,473.7902019023895,633.4401195049286,801.2128896713257,156.94077825546265,328.8171715736389,489.98583936691284,651.3301773071289,814.6927437782288,167.7703354358673,325.828250169754,507.7434592247009,675.1979899406433,833.7454850673676,158.71199488639832,318.62782526016235,478.18615102767944,636.6358294487,794.4749710559845
5,156.66590976715088,320.3675422668457,482.2365810871124,654.5498104095459,811.1952083110809,166.1090121269226,323.05148553848267,483.53530526161194,648.6632387638092,806.2489182949066,157.89469957351685,315.0739657878876,471.82252264022827,629.3320314884186,797.8904852867126,158.31507277488708,317.7533378601074,493.9922790527344,664.0853343009949,820.1584985256195,158.95909929275513,317.99802684783936,474.96180033683777,633.0715022087097,790.8043639659882,158.3886399269104,317.7664043903351,479.889280796051,652.2553942203522,839.4431269168854,159.18614220619202,319.3149039745331,488.9619576931,659.9315137863159,835.8950915336609,157.75033926963806,335.49519205093384,529.8204820156097,696.368045091629,873.1955842971802,163.114164352417,329.7515482902527,488.981600522995,650.4667775630951,815.2942752838135,158.97106838226318,317.9821746349335,484.7904613018036,643.1056356430054,802.876532793045
6,158.05570650100708,316.51724338531494,475.6801857948303,634.0731589794159,792.8014652729034,166.46467208862305,329.6762886047363,515.0393812656403,686.3166105747223,846.3202786445618,168.08587527275085,328.5532433986664,494.952933549881,653.6524913311005,812.4225389957428,163.34040093421936,323.68614292144775,492.3299808502197,651.0167319774628,818.3496744632721,159.59918999671936,317.7290868759155,485.61592507362366,645.1225337982178,812.8552062511444,159.27087330818176,319.14341855049133,477.65584993362427,644.0360817909241,815.0478637218475,160.0485234260559,324.4131770133972,494.8130979537964,665.733725309372,837.3174104690552,182.15926790237427,369.9099590778351,528.4888396263123,689.5221266746521,848.4143249988556,172.4017894268036,338.63153195381165,513.7046363353729,683.6725828647614,847.8788557052612,171.1038613319397,334.71547746658325,497.67977929115295,665.0901975631714,835.2772207260132
7,167.46146392822266,337.26188015937805,498.13157057762146,683.9361484050751,842.266720533371,158.59786248207092,322.0965802669525,483.0580062866211,647.165144443512,809.8018846511841,176.0226731300354,335.3551151752472,494.7567574977875,653.9050614833832,821.3723790645599,161.03973269462585,321.3567943572998,481.175856590271,651.0944936275482,833.1926329135895,158.82326126098633,318.1914303302765,477.9963631629944,638.1055738925934,806.0923118591309,158.61682271957397,323.7645010948181,482.58695578575134,652.2103548049927,830.1428334712982,159.3758463859558,319.2644045352936,477.99991250038147,648.4612534046173,807.8544974327087,161.57099533081055,328.410845041275,489.20811343193054,653.2241983413696,812.8631465435028,159.7159390449524,320.1808750629425,482.96262216567993,644.480535030365,803.7814137935638,166.1248574256897,354.0763430595398,512.8751487731934,672.1812870502472,832.0181541442871
8,158.6010937690735,321.1826364994049,483.16896510124207,641.7516384124756,800.5911891460419,166.88785552978516,326.4793555736542,484.95349621772766,644.0827178955078,805.2028436660767,159.21227884292603,318.8789756298065,479.6816062927246,639.335156917572,810.2558326721191,159.3893928527832,318.913450717926,477.952006816864,638.6133966445923,800.7948439121246,164.6998586654663,330.936053276062,490.43832540512085,673.011002779007,831.4527559280396,165.98630452156067,327.63406467437744,486.6130266189575,645.341278553009,804.6930105686188,163.59288334846497,327.7764616012573,510.65078115463257,669.6547586917877,833.2187964916229,159.5135681629181,320.112628698349,484.76967883110046,643.8289580345154,805.4083445072174,160.33683562278748,321.9646141529083,483.87562370300293,648.1862323284149,810.9604959487915,160.98894810676575,339.5400950908661,507.78256607055664,669.2644622325897,831.6103293895721
9,182.806987285614,345.5227520465851,510.3312244415283,673.1114573478699,852.0370554924011,172.1924946308136,349.79615807533264,512.4932749271393,675.0624113082886,837.5205385684967,173.82059454917908,339.4037947654724,504.5478048324585,669.9244928359985,841.7962415218353,164.45123076438904,325.5743465423584,487.0479648113251,649.4602875709534,819.1536684036255,161.99358701705933,325.35768604278564,485.3881437778473,651.1938905715942,814.0228457450867,169.87264013290405,338.88793540000916,507.8000075817108,673.1285831928253,842.8040490150452,163.48882031440735,326.84862637519836,488.6705949306488,652.5653336048126,815.5316052436829,163.98281455039978,325.8099410533905,497.1596643924713,658.4006581306458,818.4328417778015,168.73216700553894,345.42648005485535,508.3271608352661,681.9955294132233,846.110429763794,163.09903478622437,338.79614186286926,499.77752351760864,661.8384294509888,827.0690951347351
10,172.0665340423584,333.4335026741028,495.97921419143677,663.9253933429718,823.786082983017,167.00829434394836,325.14218068122864,494.2931487560272,654.4514288902283,818.1045701503754,166.74882769584656,327.0978479385376,498.62543201446533,657.5874261856079,822.6554055213928,162.6175401210785,321.70175528526306,480.1853976249695,639.1737899780273,805.2361550331116,168.22071743011475,327.2878797054291,487.1413207054138,652.9684941768646,816.2027630805969,165.94193267822266,324.65735268592834,484.467298746109,643.1203136444092,803.0970840454102,159.71725630760193,318.23990058898926,485.3261938095093,671.2563750743866,842.3998577594757,158.35575032234192,346.37233686447144,505.72236609458923,665.5628380775452,826.5612330436707,159.67999577522278,319.9456298351288,478.7476706504822,636.8632636070251,802.7180359363556,168.0619547367096,328.14154958724976,486.9776818752289,645.3785579204559,804.4018330574036
11,158.62703156471252,315.9221658706665,473.8266499042511,634.5970582962036,792.7750866413116,174.13640832901,334.856840133667,492.53426599502563,658.3330554962158,816.1345510482788,159.02605152130127,322.9381146430969,482.5637605190277,646.0863740444183,804.1665511131287,174.7102015018463,334.39523363113403,495.158150434494,670.3603732585907,837.8332817554474,158.160804271698,316.1211004257202,482.6152799129486,640.2782759666443,800.0727229118347,157.9806032180786,318.4790737628937,497.2480914592743,657.1641056537628,815.3739595413208,158.72904706001282,317.16867423057556,477.3936343193054,638.6572887897491,798.4210443496704,159.68627309799194,334.6966505050659,494.8458023071289,659.0387816429138,829.7481331825256,169.82492589950562,329.0467758178711,487.62345933914185,657.3611674308777,822.8680808544159,157.90879797935486,322.8536648750305,481.2788507938385,653.8385627269745,813.4821319580078
12,157.92137455940247,316.46290469169617,478.1391294002533,637.5279605388641,796.1251704692841,159.58127236366272,318.0548975467682,489.7637515068054,649.7031590938568,809.9461870193481,157.37017607688904,318.39488101005554,490.3263347148895,661.6387128829956,824.0117313861847,172.28729844093323,336.1772074699402,498.72399640083313,662.792799949646,823.8174369335175,162.967942237854,337.13025522232056,507.76500415802,669.2955992221832,828.2372152805328,165.32133316993713,329.5411334037781,496.2649257183075,657.4500834941864,816.9364144802094,165.88227200508118,325.5536262989044,495.17570090293884,654.3038673400879,813.5548229217529,165.60078191757202,324.81485295295715,486.2439076900482,649.8743679523468,809.7079946994781,159.23799180984497,318.97747015953064,486.3874490261078,645.9759373664856,805.98810338974,160.88332295417786,339.327189207077,504.9229371547699,670.7071001529694,830.3153614997864
13,160.33173775672913,318.7076666355133,477.91723465919495,636.4240138530731,795.3476693630219,178.9501576423645,346.3798017501831,513.4690687656403,682.7188227176666,854.8894119262695,158.23419880867004,317.33112812042236,484.49275374412537,645.1669890880585,806.9889190196991,162.32235193252563,338.10648226737976,496.869423866272,667.9185147285461,839.0511305332184,161.591379404068,321.0929114818573,480.3241558074951,638.9654729366302,797.5483012199402,189.6458535194397,349.74209928512573,521.4953091144562,699.8038046360016,860.3243074417114,174.43763828277588,332.61861968040466,490.2119138240814,649.3365831375122,821.345516204834,172.9903585910797,339.779412984848,511.66207480430603,692.8306634426117,865.0202143192291,163.21875977516174,327.83595991134644,493.0661187171936,657.6111974716187,826.5604631900787,159.02976751327515,337.0062596797943,501.6703550815582,671.5478873252869,839.133939743042
14,171.866361618042,352.0212461948395,530.6763215065002,703.9615406990051,879.7358965873718,168.68411469459534,337.0997886657715,515.9676849842072,681.7753875255585,847.3783423900604,165.7264838218689,331.27667212486267,496.17443561553955,670.6698520183563,837.5358052253723,164.8652572631836,338.76613092422485,504.5129590034485,669.8466560840607,833.9766924381256,186.5749170780182,361.9616754055023,527.9685297012329,697.0428731441498,885.3656470775604,173.6037802696228,339.0819528102875,505.8841938972473,684.2312786579132,849.974330663681,174.28057765960693,354.8706271648407,536.3101072311401,701.309255361557,865.7259678840637,166.5804226398468,336.1122214794159,513.3481318950653,677.9319891929626,847.2180829048157,178.7916305065155,359.83183550834656,533.8997149467468,718.9412212371826,896.7557125091553,178.7877824306488,356.7495002746582,534.8382515907288,700.7698514461517,878.3843996524811
15,165.69247031211853,332.5308208465576,500.3987901210785,670.7810587882996,842.1487176418304,168.32419514656067,336.33186054229736,508.1093261241913,688.9849739074707,860.4484651088715,169.86978459358215,340.4492859840393,532.3253157138824,711.4184594154358,890.7260632514954,165.4670331478119,334.5828466415405,504.734512090683,687.8246550559998,853.7887024879456,166.88053631782532,334.8588125705719,501.61403012275696,666.6949424743652,832.3203432559967,165.65567755699158,360.9392738342285,524.7414889335632,698.7884633541107,876.8197898864746,170.09418487548828,338.3241357803345,506.7090492248535,692.59801197052,876.1674139499664,172.44376707077026,342.976026058197,520.5662786960602,694.4190807342529,856.6929652690887,161.38513112068176,336.17750787734985,497.97423028945923,660.2381496429443,821.7837834358215,160.9197039604187,323.9128017425537,486.7344129085541,674.579261302948,837.0864198207855
16,187.01056504249573,349.46288871765137,512.4070265293121,673.8405296802521,841.542230129242,161.22286868095398,324.23886919021606,485.90532398223877,647.6540939807892,815.6203904151917,164.54103016853333,325.6108446121216,509.3201675415039,673.7303063869476,854.2984342575073,169.57620668411255,345.3448784351349,513.0715916156769,674.9639959335327,841.83828997612,163.56000208854675,343.8825829029083,506.53016090393066,678.8630483150482,858.9205887317657,167.4779405593872,330.9213263988495,515.6206178665161,703.6443943977356,883.3237783908844,179.6445496082306,360.7975926399231,542.4512691497803,734.4558954238892,903.4357886314392,183.73868417739868,369.45344710350037,562.1554102897644,746.2540419101715,936.5782058238983,193.5782995223999,384.2603039741516,573.4703702926636,767.4671816825867,958.2459812164307,186.64937043190002,380.2655966281891,574.6757810115814,761.8610935211182,951.1205642223358
17,194.9371280670166,386.4104673862457,583.1613607406616,778.458901643753,976.6205909252167,198.76920461654663,412.05694913864136,598.8533048629761,788.9150521755219,978.6715152263641,192.73591303825378,384.7575240135193,581.2699897289276,795.1394515037537,1004.0191388130188,196.33878636360168,390.5459318161011,586.8709194660187,779.8889584541321,970.9188933372498,191.9498302936554,389.434921503067,601.1946880817413,805.7332162857056,1010.8608069419861,189.49796319007874,381.647718667984,572.8362789154053,763.15283203125,955.0221817493439,202.99255299568176,406.237918138504,592.2979934215546,782.2622294425964,981.0178256034851,193.53103828430176,390.822137594223,594.0578033924103,788.3744509220123,984.6048662662506,198.53312277793884,391.59567880630493,589.6370451450348,785.6044180393219,980.6330826282501,202.75227761268616,412.05334067344666,602.381737947464,787.1858131885529,964.9167132377625
18,161.84288001060486,330.2913615703583,497.6684687137604,659.1273350715637,833.720850944519,161.13115429878235,333.26280188560486,496.9393961429596,659.1921179294586,824.3272759914398,169.87641096115112,336.61789631843567,500.6276800632477,662.5032274723053,838.5678083896637,164.19246196746826,337.3986327648163,505.97958421707153,680.8365921974182,856.9050533771515,177.01804447174072,360.9495220184326,541.8052442073822,721.5670671463013,910.8191907405853,186.15068435668945,352.83699584007263,521.472353219986,690.9489278793335,860.0024168491364,167.5223033428192,334.56614208221436,500.52612018585205,670.8146347999573,839.4425992965698,167.26240921020508,338.78028440475464,507.7034738063812,681.7725570201874,876.2865927219391,168.797607421875,337.77078342437744,512.303337097168,680.6208457946777,848.7302942276001,173.16107439994812,340.709463596344,508.75353384017944,675.9520590305328,844.4746601581573
19,169.1447787284851,337.887460231781,509.4348497390747,681.851160287857,851.0164437294006,173.54687476158142,338.65103483200073,501.5362753868103,671.019923210144,841.2520818710327,164.2689483165741,324.95353055000305,485.9697062969208,648.4966468811035,810.5781168937683,161.98640370368958,331.47816348075867,493.6734380722046,656.6022565364838,817.9952161312103,161.33390498161316,324.83091139793396,486.32745027542114,647.5034122467041,811.4096858501434,161.9452395439148,323.0281217098236,487.20351004600525,669.4362916946411,833.0412390232086,160.2618465423584,326.76481533050537,492.1136426925659,687.450980424881,852.017415523529,161.9967291355133,324.3287329673767,486.4914493560791,648.4701414108276,825.3435094356537,161.83669328689575,322.88870763778687,496.7416889667511,661.0208644866943,822.3364737033844,161.77346229553223,326.0398621559143,494.758163690567,658.5864126682281,819.1592419147491
20,160.21153473854065,322.83830738067627,487.99991393089294,650.1112370491028,812.3180477619171,162.01937174797058,328.6617169380188,490.4568145275116,653.0566477775574,814.5629227161407,169.4985146522522,330.43585300445557,494.9062166213989,655.7165284156799,816.347044467926,165.84902930259705,353.4803569316864,514.6938109397888,676.811488866806,840.2135632038116,161.43164587020874,328.03583455085754,487.7786374092102,649.246454000473,813.9541988372803,165.15225315093994,327.39408016204834,491.4461443424225,653.2118272781372,821.7130391597748,161.68532347679138,328.0140120983124,491.3754677772522,654.5179598331451,826.2659513950348,161.82615852355957,323.11506819725037,487.0213921070099,654.3079221248627,819.5651979446411,164.2764720916748,325.6997139453888,508.21960067749023,671.3701822757721,832.4810039997101,162.40664935112,330.327880859375,498.9554228782654,673.2856945991516,836.9298512935638
21,186.58406829833984,346.9409067630768,508.9440586566925,675.0943188667297,839.3848934173584,175.0385365486145,348.42997121810913,512.1074595451355,673.7190935611725,850.2077770233154,201.72293400764465,364.3673300743103,531.9226276874542,700.5551629066467,885.1598889827728,175.38528728485107,350.56105518341064,521.1411101818085,684.3816990852356,858.6596176624298,163.75264382362366,331.6158187389374,501.09760451316833,662.7676343917847,844.136157989502,159.91219091415405,348.57141613960266,666.5683431625366,1010.5116295814514,1356.5968399047852,346.8857946395874,684.0746629238129,966.6626024246216,1296.5935566425323,1630.4612555503845,345.1292304992676,688.2415382862091,960.4458923339844,1308.6347076892853,1658.0261042118073,257.78345918655396,423.9773635864258,587.6826539039612,759.1784689426422,920.4370748996735,162.18916201591492,328.95293498039246,498.6912133693695,663.2524554729462,836.1165752410889
22,159.90186500549316,335.1938512325287,499.1259605884552,677.6246140003204,840.7008962631226,166.8445324897766,330.4954183101654,498.85763478279114,662.5461032390594,823.781724691391,167.2557556629181,338.8548228740692,504.00731110572815,667.5425579547882,829.2200872898102,163.2727553844452,328.7195408344269,495.19623351097107,657.719220161438,818.9353976249695,162.24517178535461,326.58614468574524,492.8255879878998,670.1789996623993,834.7571365833282,161.05760645866394,325.19658613204956,487.3104655742645,650.7187988758087,826.4517455101013,165.22496247291565,343.519161939621,505.97609305381775,670.1746180057526,832.2102105617523,166.16142225265503,331.4749150276184,502.2519323825836,665.9582772254944,827.5948572158813,170.4012553691864,334.9754011631012,497.37073588371277,657.9477431774139,849.4949870109558,165.99235105514526,328.3962194919586,490.32445764541626,651.9474294185638,817.698130607605
23,190.94308757781982,352.566463470459,515.0475573539734,681.5610065460205,842.2084937095642,166.56720209121704,327.29310750961304,503.5122003555298,673.384033203125,845.314948797226,171.9172966480255,344.0031933784485,531.254456281662,728.925532579422,893.6153609752655,165.50442337989807,360.66164803504944,523.4262232780457,686.7009885311127,848.6602952480316,162.16552805900574,333.96101474761963,511.1734182834625,672.8255271911621,849.6107339859009,181.48200583457947,344.65850138664246,507.4723696708679,669.1769235134125,838.122843503952,165.98368167877197,328.60264706611633,495.7008135318756,657.775722026825,822.9109244346619,166.9619014263153,329.0705337524414,496.12978506088257,678.8815443515778,840.9876346588135,163.0954089164734,325.36720728874207,486.94161343574524,650.1618094444275,811.9016461372375,161.98624300956726,324.00692439079285,485.94531059265137,648.5944101810455,813.4443879127502
24,163.76113533973694,323.4695384502411,484.1800663471222,645.8173780441284,811.2268152236938,166.89140605926514,327.6959216594696,488.4458999633789,655.1743783950806,821.3689701557159,163.60771107673645,324.2863144874573,497.1640911102295,659.0841403007507,824.0997204780579,169.10332083702087,330.6560046672821,492.25152492523193,654.9008836746216,823.158106803894,161.22322607040405,323.10701751708984,495.4732394218445,656.0912444591522,819.1095671653748,165.80210518836975,326.30719780921936,490.5438868999481,666.3982131481171,829.0773296356201,161.57316398620605,323.0807626247406,484.98036646842957,646.1646163463593,806.0399069786072,163.72792792320251,346.83045983314514,519.4736061096191,692.3054161071777,855.945140838623,172.43339371681213,332.82184624671936,504.96093559265137,667.7340655326843,828.6192219257355,163.4734628200531,325.64874958992004,488.710750579834,658.3613455295563,818.9113790988922
25,161.0543053150177,324.03715085983276,488.6870529651642,670.4035017490387,837.6549553871155,161.6437749862671,324.6267342567444,488.0092206001282,649.8531420230865,811.3903062343597,174.14624214172363,358.63211131095886,527.7250235080719,693.145667552948,854.216958284378,162.9853880405426,325.3693222999573,487.1253876686096,649.0523600578308,818.8132498264313,166.35561800003052,328.450617313385,491.68614292144775,656.9564599990845,819.0300056934357,161.61765575408936,322.5695164203644,494.30118060112,656.3428821563721,819.7744534015656,169.68530178070068,330.9766113758087,491.4814054965973,655.3307845592499,818.766279220581,174.11540246009827,338.47041630744934,519.8972835540771,681.9758684635162,842.8929491043091,162.4754183292389,323.67995977401733,495.9294366836548,657.81529712677,821.0496544837952,161.31130123138428,323.9267244338989,622.8386499881744,923.1209394931793,1228.7568428516388
26,337.02256298065186,658.6754488945007,967.2203137874603,1294.6996622085571,1598.07692861557,314.48716711997986,618.78005027771,927.8544030189514,1259.0899245738983,1590.5065338611603,323.50925755500793,643.4936652183533,960.4138729572296,1271.9779846668243,1584.6240689754486,301.22424387931824,618.6879727840424,931.5514471530914,1215.8326659202576,1483.337643623352,279.00109815597534,517.2326693534851,819.2233324050903,1108.5120739936829,1407.2986171245575,287.21336674690247,582.7237768173218,879.4900934696198,1199.2643504142761,1503.985812664032,289.1166298389435,601.7064759731293,915.8338541984558,1237.2234189510345,1552.068324804306,323.5433518886566,632.1204507350922,940.3719477653503,1241.9213354587555,1543.1285128593445,312.8267414569855,626.0774669647217,942.5985798835754,1243.3826661109924,1549.3097627162933,301.6833577156067,614.8655564785004,923.25914478302,1207.289104938507,1497.0035939216614
27,280.6941077709198,553.7266623973846,847.8419826030731,1154.8909225463867,1469.3278427124023,315.8311493396759,637.4492328166962,951.2677688598633,1286.9353966712952,1610.6580951213837,325.7063195705414,643.0380609035492,955.9485132694244,1275.0596477985382,1603.2591016292572,326.5448832511902,672.6758551597595,1001.9052619934082,1170.5321872234344,1344.1268165111542,170.13572120666504,345.73243737220764,516.65758228302,687.3565678596497,848.9967322349548,163.45497179031372,323.18192410469055,485.28051590919495,645.9121630191803,805.810863494873,166.9779016971588,328.15628457069397,508.78128027915955,678.2661275863647,846.0520782470703,160.73788380622864,322.11587262153625,484.6927001476288,644.423837184906,822.6984376907349,159.6297106742859,320.3788630962372,486.01326274871826,647.4606366157532,817.6204128265381,163.61527681350708,323.7607796192169,483.20940470695496,644.0448150634766,808.0644772052765
28,173.11166167259216,334.2881278991699,495.1247606277466,656.1379084587097,817.0221960544586,161.85076308250427,331.029625415802,493.0200593471527,671.4224157333374,833.1116511821747,162.47165513038635,338.6637136936188,500.14147877693176,671.0178043842316,840.8487386703491,164.69748950004578,325.50277757644653,487.92130041122437,650.692079782486,811.6273543834686,166.7606852054596,337.9532699584961,499.9933850765228,664.433403968811,828.4230437278748,160.99546360969543,323.5311031341553,485.79648756980896,646.6743903160095,815.6737389564514,172.22356581687927,335.6491298675537,496.81036376953125,656.3725051879883,823.3995747566223,161.19106769561768,321.1514902114868,481.8844497203827,645.1947512626648,807.8234000205994,195.08371567726135,358.6845033168793,519.3664288520813,682.4353210926056,866.7319416999817,173.90776228904724,342.4506516456604,515.0786278247833,685.5010831356049,845.5449554920197
29,162.96299004554749,324.4107837677002,490.2579336166382,652.3269062042236,816.1648693084717,162.79863095283508,323.2905595302582,483.35327887535095,651.6097946166992,810.70050573349,163.0601143836975,334.45423126220703,499.08953166007996,660.5121147632599,820.5349678993225,163.08467745780945,330.34579205513,490.0995056629181,651.2293019294739,811.670814037323,173.19096779823303,336.12365651130676,511.38057041168213,675.9086565971375,838.3523254394531,168.2205216884613,340.1107540130615,508.70390224456787,681.637996673584,845.2561705112457,165.0534372329712,327.1014566421509,488.4977617263794,650.2957708835602,813.059253692627,160.91337132453918,322.0103220939636,488.87598395347595,650.8607695102692,811.1920890808105,170.62987351417542,331.2125356197357,494.0648286342621,657.0484244823456,816.9892303943634,164.28437614440918,323.74275755882263,483.365971326828,642.4684855937958,808.5232241153717
30,160.40014958381653,323.2940835952759,487.7099561691284,649.400176525116,812.3418262004852,173.3027307987213,342.67768573760986,505.98171162605286,666.5312581062317,836.3899521827698,175.75616121292114,351.3658413887024,522.5175309181213,683.4689400196075,843.5682117938995,159.37706565856934,320.2545847892761,480.34264159202576,641.9645652770996,809.0566580295563,180.09282970428467,341.919056892395,514.5063955783844,686.3362815380096,854.9971504211426,159.92258191108704,323.37135648727417,491.1484441757202,653.8906362056732,818.0736539363861,164.31439590454102,325.3075313568115,485.28596663475037,645.5392680168152,809.6091783046722,161.2419421672821,337.8668689727783,499.6619954109192,668.8492674827576,833.8764955997467,172.16910409927368,333.25508069992065,496.49984192848206,658.7964515686035,820.2829403877258,164.08261513710022,343.7695586681366,502.97952246665955,677.5015325546265,838.5781583786011
31,161.06663584709167,322.688472032547,487.902441740036,650.0768566131592,813.5388610363007,163.7380175590515,328.42625999450684,489.4677743911743,651.6606585979462,832.7806532382965,161.98011302947998,325.04061365127563,497.81161665916443,658.1507298946381,822.2037465572357,163.5055992603302,327.01778841018677,491.9422335624695,660.8246500492096,829.2560958862305,169.65519332885742,332.49755811691284,505.32963252067566,665.9032933712006,826.3797767162323,160.6424674987793,328.0538582801819,491.7625689506531,654.5970795154572,814.7745425701141,163.2157588005066,323.1170847415924,485.6059639453888,644.8659863471985,811.3597195148468,161.93733644485474,327.68097448349,499.75004386901855,672.1225657463074,835.1249659061432,161.5904643535614,322.3240694999695,482.3496778011322,656.6869885921478,822.6649513244629,159.6701877117157,335.2227644920349,505.5086841583252,671.7351288795471,832.9141530990601
32,160.76789617538452,322.1122908592224,488.4797284603119,652.1947371959686,819.3390431404114,164.6992712020874,331.9741258621216,512.7621014118195,677.144781589508,852.4224500656128,166.06058740615845,327.29608178138733,493.78809905052185,655.2085332870483,817.8635041713715,170.77574944496155,333.0039641857147,502.3634042739868,665.1084492206573,838.461939573288,166.0849928855896,347.1411302089691,510.7432897090912,673.7444868087769,840.1669833660126,161.91649222373962,323.21269845962524,485.1170461177826,651.2403972148895,827.415177822113,161.79621505737305,321.607257604599,486.84090399742126,646.602264881134,806.4306354522705,166.25037622451782,327.5228261947632,488.436217546463,649.6422188282013,814.9792683124542,169.99792194366455,345.61372804641724,510.6222243309021,673.2050366401672,835.6668922901154,160.2400040626526,321.16948652267456,482.2770335674286,645.4385533332825,810.0844707489014
33,160.34066605567932,328.2338502407074,499.9325006008148,661.8854184150696,832.5470089912415,163.5108118057251,328.5794720649719,497.6152412891388,659.2494008541107,842.139707326889,183.34787392616272,343.7625551223755,506.8066420555115,670.8498404026031,837.362247467041,173.93263912200928,346.19838857650757,508.2111449241638,670.3215429782867,833.8267788887024,166.43795609474182,327.9319484233856,491.2977900505066,656.2610228061676,816.9763181209564,160.9560785293579,322.71376967430115,484.4769630432129,654.3210887908936,818.2816615104675,163.17732095718384,324.20782470703125,488.69748163223267,654.9464545249939,816.2293288707733,172.5874388217926,336.3464415073395,506.95494747161865,668.8665907382965,834.7628564834595,165.008376121521,327.52891635894775,491.0728874206543,661.6890387535095,823.0120646953583,189.41347813606262,372.8971197605133,549.954927444458,713.2439410686493,889.7968726158142
34,160.746821641922,331.11251616477966,500.5033860206604,662.1270589828491,834.0561766624451,173.93355631828308,346.22302436828613,508.61638712882996,675.7837316989899,837.6193559169769,161.09544849395752,324.85598969459534,486.7412326335907,652.3726255893707,818.9285967350006,161.62867736816406,329.76502227783203,492.6944134235382,658.2966725826263,829.6030960083008,170.75053572654724,335.2674925327301,498.98499608039856,662.6662583351135,826.032012462616,164.23590660095215,327.5721905231476,496.5620446205139,664.6009361743927,826.0220313072205,165.10612964630127,327.7967402935028,490.1949813365936,652.7868056297302,815.5454099178314,161.1088044643402,330.59643173217773,503.30695843696594,676.9709577560425,838.9083104133606,161.25937008857727,325.93033957481384,493.5825288295746,664.9016425609589,825.5979406833649,162.7794885635376,324.09330892562866,484.25569438934326,653.3535687923431,815.7172203063965
35,161.21769905090332,321.8556613922119,488.2691013813019,660.4567794799805,821.0602185726166,159.70362067222595,325.05049777030945,486.28860878944397,647.4444868564606,811.3280758857727,161.5498332977295,323.7292275428772,492.12845063209534,653.2317745685577,820.6921005249023,174.10241150856018,339.04065561294556,500.17910265922546,666.5649919509888,827.833395242691,162.53015661239624,325.69502115249634,488.83696484565735,653.3573410511017,829.3754465579987,166.70844268798828,334.23638677597046,496.73079562187195,663.8979778289795,828.5684139728546,174.2967700958252,348.3912181854248,534.6720168590546,709.643613576889,880.7082631587982,174.2764642238617,341.989497423172,502.8174159526825,663.1508736610413,830.6465911865234,161.6574137210846,324.09468722343445,484.67114090919495,645.8553471565247,808.6107926368713,160.89613580703735,326.91995668411255,504.95933270454407,666.9440462589264,846.1603679656982
36,165.04382228851318,325.4023082256317,497.08438515663147,657.1139230728149,822.752872467041,179.18979740142822,340.78651213645935,516.8372237682343,677.510410785675,840.1323223114014,163.5757646560669,327.43688774108887,490.3842394351959,667.4388732910156,829.6372718811035,164.14144206047058,325.65902733802795,485.91596817970276,653.001663684845,814.3483138084412,161.09089970588684,324.6894283294678,496.3756151199341,660.1031596660614,825.5029873847961,160.17705368995667,322.06856060028076,485.8725657463074,646.4824333190918,807.7958216667175,185.82952046394348,365.03894996643066,533.649266242981,702.6364164352417,868.5828411579132,163.16335487365723,330.12159180641174,489.2812964916229,657.1054925918579,821.3436162471771,161.61633253097534,322.4553225040436,491.7483983039856,660.4584896564484,826.2943856716156,164.66659498214722,338.0902256965637,519.784449338913,687.53737616539,867.2632653713226
37,160.4374966621399,324.23087191581726,485.9657185077667,645.6279916763306,807.5843019485474,160.58874654769897,334.79607367515564,498.4680941104889,668.7514111995697,832.6772060394287,168.20277667045593,349.97271609306335,514.2906391620636,677.5659894943237,846.4088113307953,163.7818353176117,327.2060465812683,493.09214758872986,657.447564125061,839.3179364204407,162.70167469978333,324.5428099632263,493.88908791542053,655.2321445941925,817.1500511169434,161.04815316200256,321.79028153419495,485.74738216400146,658.3405723571777,819.1829693317413,169.28834748268127,336.8495397567749,502.87729263305664,667.0738399028778,830.0412113666534,160.75405168533325,324.30603766441345,492.1020107269287,655.2761240005493,835.9276607036591,167.4853413105011,335.5869288444519,503.46910309791565,665.5635645389557,841.4892723560333,171.10036420822144,333.1457095146179,500.39336800575256,673.6981821060181,851.9126625061035
38,171.20020508766174,338.75461888313293,511.79817819595337,675.8389568328857,854.0200765132904,165.84132862091064,342.62357330322266,515.51646900177,686.5285589694977,848.6424686908722,161.5060224533081,323.69376254081726,496.2875301837921,664.982421875,832.6375646591187,162.3884892463684,323.62280774116516,485.7067301273346,649.2184205055237,813.3102023601532,161.4224977493286,339.8766450881958,501.6021270751953,674.0946655273438,853.5203197002411,163.92082905769348,337.30505299568176,500.2789206504822,661.4860434532166,832.2675201892853,161.21704244613647,323.03429341316223,486.28488850593567,647.9824421405792,810.3784010410309,171.63324570655823,333.177583694458,509.34642601013184,671.8279695510864,834.4321370124817,162.5916187763214,325.3964993953705,492.4067575931549,664.5938656330109,824.9307463169098,160.43879628181458,323.20038890838623,484.4098811149597,646.2194519042969,806.5914099216461
39,163.36687660217285,339.26498579978943,501.20378732681274,662.8455221652985,828.0923571586609,165.5555443763733,327.7697651386261,490.7636663913727,651.9566535949707,813.4700729846954,160.4763412475586,337.54312682151794,499.2764322757721,662.1524119377136,832.3220467567444,162.39211654663086,324.9530141353607,488.49911665916443,658.872061252594,823.2800073623657,166.72971534729004,343.0265591144562,508.45198798179626,677.5315728187561,839.7325685024261,160.87258410453796,322.04650473594666,483.55293822288513,644.5380885601044,804.840892791748,161.80080580711365,324.38362884521484,488.38437509536743,652.3669157028198,815.2232313156128,161.11103129386902,326.4424798488617,489.0218598842621,650.5019600391388,812.8488616943359,167.6533544063568,328.91294527053833,496.1210446357727,656.1486105918884,817.0666825771332,177.99443197250366,339.3738441467285,500.7447295188904,674.4521770477295,835.4861471652985
40,163.6980197429657,327.669246673584,499.0712950229645,677.4918377399445,843.4066321849823,166.78756761550903,342.0796902179718,532.9794232845306,694.1802852153778,861.8107953071594,160.82002925872803,329.6719579696655,490.79217743873596,652.2704119682312,818.5918765068054,161.22844243049622,321.5188136100769,488.3959319591522,652.3767702579498,820.5556929111481,170.2121500968933,330.8392713069916,494.07624912261963,655.133749961853,815.5188434123993,160.46285891532898,321.2895119190216,486.94410705566406,648.2251226902008,810.914274930954,192.9454002380371,353.52288722991943,516.6617369651794,680.2427809238434,851.0858385562897,161.5327672958374,332.0495250225067,496.37414479255676,659.1308770179749,820.2041878700256,166.08137798309326,331.4874212741852,497.83272910118103,665.9043910503387,831.1618337631226,170.99723386764526,330.657151222229,491.64269948005676,659.5806787014008,822.2016153335571
41,169.00502467155457,339.46213555336,507.1801779270172,672.3606972694397,844.6320934295654,188.63190269470215,356.72458028793335,523.615396976471,691.4043946266174,859.117983341217,168.15065836906433,329.73242831230164,494.9538378715515,662.3491475582123,832.2501220703125,168.70928692817688,338.0482728481293,510.3990216255188,687.3377285003662,857.23477602005,169.70057320594788,334.1332576274872,498.8655483722687,665.9080617427826,827.6903507709503,161.24520802497864,321.8817105293274,484.5498032569885,649.2367396354675,814.6329147815704,165.45851469039917,338.3591468334198,504.71407198905945,665.442718744278,831.5979940891266,189.58466172218323,356.6560101509094,523.5337333679199,697.3449754714966,867.1179382801056,161.5991973876953,338.1763207912445,498.9466960430145,661.2438089847565,830.7655756473541,179.54325318336487,356.9169542789459,548.5461864471436,718.9574856758118,880.6778831481934
42,163.31255412101746,328.16672801971436,490.9973850250244,655.3793096542358,822.1806533336639,164.0107138156891,330.5711340904236,494.32431173324585,662.4818365573883,826.7567510604858,161.76224827766418,323.7197046279907,492.322879076004,659.7945728302002,827.0126705169678,166.0811493396759,349.51777601242065,519.8855581283569,681.0990312099457,851.3773930072784,169.30335450172424,341.53263092041016,502.00163221359253,667.873538017273,838.0084960460663,165.37921857833862,333.0848605632782,505.4667685031891,676.0095613002777,849.5308644771576,171.7567093372345,339.07812666893005,507.4064872264862,699.8025071620941,875.9887681007385,185.34549069404602,376.66570711135864,536.6686520576477,704.633177280426,880.1231844425201,168.19080686569214,341.68634939193726,520.5956289768219,706.2574756145477,871.247843503952,159.81953644752502,322.7974820137024,484.4960720539093,648.2144448757172,809.1883053779602
43,162.26218795776367,324.03257036209106,486.4653317928314,658.7933795452118,821.0508506298065,160.39024806022644,344.47648191452026,505.4290130138397,666.2370927333832,828.8791644573212,160.4610390663147,323.7720139026642,488.0698940753937,649.4446814060211,832.4451944828033,160.76464247703552,322.65153884887695,496.7730326652527,658.2867126464844,820.3309042453766,163.47443962097168,325.2696237564087,485.78463983535767,648.5715646743774,811.3165612220764,162.68526911735535,332.229905128479,495.2856318950653,669.7670521736145,830.4331521987915,163.00750374794006,323.58302569389343,487.9920253753662,668.8444440364838,840.622475862503,162.05921506881714,323.1432249546051,482.8884508609772,645.9870080947876,809.2183966636658,164.66043257713318,326.43419313430786,485.5455598831177,648.8230972290039,808.1346356868744,160.7110733985901,322.33528780937195,490.1527028083801,651.0010733604431,812.4057102203369
44,161.9833493232727,336.22259497642517,499.9745011329651,669.2041854858398,830.7232253551483,165.3569576740265,329.94342136383057,491.1354835033417,662.8578476905823,823.0500435829163,166.99613118171692,350.43308115005493,514.8801717758179,676.4831717014313,838.0556137561798,171.6409420967102,334.65145564079285,510.8986897468567,670.4744033813477,831.9177825450897,161.38594675064087,332.4216613769531,496.0780167579651,658.7513296604156,822.3141169548035,163.076162815094,323.8385281562805,485.87260150909424,661.8627285957336,830.7017388343811,164.55544590950012,333.86396741867065,497.1132969856262,658.2594389915466,834.5604767799377,168.44997453689575,335.72484946250916,507.2080855369568,669.9783227443695,833.6192374229431,162.2356994152069,323.63549423217773,485.0928716659546,652.9079751968384,815.6846058368683,161.35322046279907,328.85065174102783,491.006165266037,653.0100576877594,815.3335494995117
45,160.85731601715088,330.42264103889465,492.4407742023468,654.2494184970856,832.4805822372437,162.934166431427,323.0146543979645,487.11818623542786,652.6592280864716,825.0239691734314,160.3552348613739,320.9526529312134,482.86679553985596,654.8752353191376,816.0522286891937,163.9451835155487,326.8516135215759,487.33597445487976,646.7936160564423,825.3539416790009,170.42314743995667,340.7926743030548,508.6217246055603,677.3288938999176,839.5425138473511,162.2288064956665,338.70018219947815,500.03677558898926,670.6322643756866,830.2982823848724,165.57117629051208,327.51841163635254,490.31131744384766,653.7815897464752,814.4027056694031,162.22390174865723,325.86914348602295,493.91454243659973,673.2817423343658,837.1803095340729,163.09409928321838,332.657705783844,496.9849383831024,660.1315295696259,820.840350151062,162.87058663368225,322.59842348098755,505.7334694862366,672.8365983963013,843.2722690105438
46,166.73795676231384,336.30934047698975,516.1803803443909,685.3385510444641,854.4979116916656,175.17032623291016,342.94623494148254,510.96134972572327,690.3556659221649,855.6115257740021,169.60148668289185,340.8379566669464,512.441157579422,684.003518819809,861.0635640621185,168.13309478759766,338.7910726070404,511.0889790058136,687.0497074127197,878.0675330162048,190.7188959121704,366.45417881011963,533.6559998989105,702.7403702735901,869.9869909286499,161.33292412757874,323.6090383529663,484.4800748825073,657.5719826221466,820.3538746833801,163.91519951820374,326.8446571826935,497.044842004776,663.7411742210388,826.619649887085,182.64726305007935,343.59342908859253,507.6918935775757,670.4947195053101,842.6681771278381,159.96872305870056,322.6852445602417,493.305908203125,670.7849247455597,836.7636740207672,177.9288353919983,345.0274839401245,505.9469723701477,671.3138234615326,837.0125353336334
47,168.7811417579651,340.8653962612152,503.52233624458313,665.4306745529175,843.3531618118286,172.4333758354187,337.82593750953674,501.6550602912903,665.2595016956329,829.8580138683319,177.83915185928345,349.44779443740845,515.81187915802,691.0012164115906,868.7682497501373,169.85066175460815,338.6791625022888,505.8500499725342,685.8788719177246,855.6216597557068,163.62816190719604,325.21206426620483,488.69384145736694,654.1887211799622,823.0540313720703,184.4491355419159,374.22628140449524,543.841849565506,715.0686066150665,881.2608420848846,166.85920476913452,332.87771940231323,497.9131042957306,663.6770944595337,829.1339881420135,167.0745496749878,335.07238030433655,501.2777545452118,667.1817269325256,832.8941600322723,166.31318879127502,351.85341000556946,533.6668982505798,704.7674951553345,884.5572190284729,172.80916619300842,340.4382622241974,518.5317041873932,689.7776799201965,857.6858284473419
48,172.90577363967896,337.2498598098755,498.73507022857666,666.9610273838043,832.087708234787,162.50758624076843,341.75650668144226,512.4862086772919,691.1710259914398,868.7692739963531,163.0051510334015,325.6484925746918,491.32088828086853,652.9081976413727,816.0115039348602,160.43239068984985,324.7704482078552,487.76254057884216,649.5610194206238,815.3126249313354,162.4292769432068,331.7378194332123,502.67209672927856,666.4582798480988,840.4998354911804,161.1857807636261,331.675904750824,492.39721274375916,655.0379974842072,818.9059083461761,159.07930994033813,318.21989917755127,479.8055362701416,640.7263877391815,800.8424367904663,161.36309838294983,327.8645055294037,489.7988393306732,654.5069403648376,815.4580874443054,167.1679539680481,335.5806109905243,513.1769378185272,686.8270683288574,850.02858543396,173.56777119636536,334.32710218429565,494.69696044921875,667.3386490345001,839.2905886173248
49,167.89855527877808,328.61237502098083,494.2135844230652,660.9870355129242,822.7553970813751,166.06045508384705,329.02394938468933,490.8682327270508,653.5252072811127,820.6787276268005,161.11542391777039,322.2561390399933,485.9065625667572,646.5798981189728,811.3659601211548,163.4840705394745,325.20105147361755,492.56846928596497,656.8453454971313,817.0198163986206,160.11157941818237,320.64439630508423,494.0393476486206,658.7892413139343,819.8580312728882,159.5610694885254,329.9974248409271,490.0203757286072,652.1667859554291,812.8051691055298,160.14834928512573,330.17551279067993,492.91516852378845,654.1034820079803,821.1892075538635,159.9300000667572,329.97192668914795,490.87898898124695,652.3987061977386,816.8032777309418,161.31336116790771,321.80454683303833,481.41447162628174,650.8981094360352,828.0494711399078,178.3420753479004,363.0219986438751,537.720700263977,711.574896812439,872.8431279659271
