,Label
0,1
1,1
2,2
3,2
4,3
5,3
6,4
7,4
8,5
9,5
10,6
11,6
12,7
13,7
14,8
15,8
16,9
17,9
18,10
19,10
20,11
21,11
22,12
23,12
24,13
25,13
26,14
27,14
28,15
29,15
30,16
31,16
32,17
33,17
34,18
35,18
36,19
37,19
38,20
39,20
40,21
41,21
42,22
43,22
44,23
45,23
46,24
47,24
48,25
49,25
50,26
51,26
52,1
53,1
54,2
55,2
56,3
57,3
58,4
59,4
60,5
61,5
62,6
63,6
64,7
65,7
66,8
67,8
68,9
69,9
70,10
71,10
72,11
73,11
74,12
75,12
76,13
77,13
78,14
79,14
80,15
81,15
82,16
83,16
84,17
85,17
86,18
87,18
88,19
89,19
90,20
91,20
92,21
93,21
94,22
95,22
96,23
97,23
98,24
99,24
100,25
101,25
102,26
103,26
104,1
105,1
106,2
107,2
108,3
109,3
110,4
111,4
112,5
113,5
114,6
115,6
116,7
117,7
118,8
119,8
120,9
121,9
122,10
123,10
124,11
125,11
126,12
127,12
128,13
129,13
130,14
131,14
132,15
133,15
134,16
135,16
136,17
137,17
138,18
139,18
140,19
141,19
142,20
143,20
144,21
145,21
146,22
147,22
148,23
149,23
150,24
151,24
152,25
153,25
154,26
155,26
156,1
157,1
158,2
159,2
160,3
161,3
162,4
163,4
164,5
165,5
166,6
167,6
168,7
169,7
170,8
171,8
172,9
173,9
174,10
175,10
176,11
177,11
178,12
179,12
180,13
181,13
182,14
183,14
184,15
185,15
186,16
187,16
188,17
189,17
190,18
191,18
192,19
193,19
194,20
195,20
196,21
197,21
198,22
199,22
200,23
201,23
202,24
203,24
204,25
205,25
206,26
207,26
208,1
209,1
210,2
211,2
212,3
213,3
214,4
215,4
216,5
217,5
218,6
219,6
220,7
221,7
222,8
223,8
224,9
225,9
226,10
227,10
228,11
229,11
230,12
231,12
232,13
233,13
234,14
235,14
236,15
237,15
238,16
239,16
240,17
241,17
242,18
243,18
244,19
245,19
246,20
247,20
248,21
249,21
250,22
251,22
252,23
253,23
254,24
255,24
256,25
257,25
258,26
259,26
260,1
261,1
262,2
263,2
264,3
265,3
266,4
267,4
268,5
269,5
270,6
271,6
272,7
273,7
274,8
275,8
276,9
277,9
278,10
279,10
280,11
281,11
282,12
283,12
284,13
285,13
286,14
287,14
288,15
289,15
290,16
291,16
292,17
293,17
294,18
295,18
296,19
297,19
298,20
299,20
300,21
301,21
302,22
303,22
304,23
305,23
306,24
307,24
308,25
309,25
310,26
311,26
312,1
313,1
314,2
315,2
316,3
317,3
318,4
319,4
320,5
321,5
322,6
323,6
324,7
325,7
326,8
327,8
328,9
329,9
330,10
331,10
332,11
333,11
334,12
335,12
336,13
337,13
338,14
339,14
340,15
341,15
342,16
343,16
344,17
345,17
346,18
347,18
348,19
349,19
350,20
351,20
352,21
353,21
354,22
355,22
356,23
357,23
358,24
359,24
360,25
361,25
362,26
363,26
364,1
365,1
366,2
367,2
368,3
369,3
370,4
371,4
372,5
373,5
374,6
375,6
376,7
377,7
378,8
379,8
380,9
381,9
382,10
383,10
384,11
385,11
386,12
387,12
388,13
389,13
390,14
391,14
392,15
393,15
394,16
395,16
396,17
397,17
398,18
399,18
400,19
401,19
402,20
403,20
404,21
405,21
406,22
407,22
408,23
409,23
410,24
411,24
412,25
413,25
414,26
415,26
416,1
417,1
418,2
419,2
420,3
421,3
422,4
423,4
424,5
425,5
426,6
427,6
428,7
429,7
430,8
431,8
432,9
433,9
434,10
435,10
436,11
437,11
438,12
439,12
440,13
441,13
442,14
443,14
444,15
445,15
446,16
447,16
448,17
449,17
450,18
451,18
452,19
453,19
454,20
455,20
456,21
457,21
458,22
459,22
460,23
461,23
462,24
463,24
464,25
465,25
466,26
467,26
468,1
469,1
470,2
471,2
472,3
473,3
474,4
475,4
476,5
477,5
478,6
479,6
480,7
481,7
482,8
483,8
484,9
485,9
486,10
487,10
488,11
489,11
490,12
491,12
492,13
493,13
494,14
495,14
496,15
497,15
498,16
499,16
500,17
501,17
502,18
503,18
504,19
505,19
506,20
507,20
508,21
509,21
510,22
511,22
512,23
513,23
514,24
515,24
516,25
517,25
518,26
519,26
520,1
521,1
522,2
523,2
524,3
525,3
526,4
527,4
528,5
529,5
530,6
531,6
532,7
533,7
534,8
535,8
536,9
537,9
538,10
539,10
540,11
541,11
542,12
543,12
544,13
545,13
546,14
547,14
548,15
549,15
550,16
551,16
552,17
553,17
554,18
555,18
556,19
557,19
558,20
559,20
560,21
561,21
562,22
563,22
564,23
565,23
566,24
567,24
568,25
569,25
570,26
571,26
572,1
573,1
574,2
575,2
576,3
577,3
578,4
579,4
580,5
581,5
582,6
583,6
584,7
585,7
586,8
587,8
588,9
589,9
590,10
591,10
592,11
593,11
594,12
595,12
596,13
597,13
598,14
599,14
600,15
601,15
602,16
603,16
604,17
605,17
606,18
607,18
608,19
609,19
610,20
611,20
612,21
613,21
614,22
615,22
616,23
617,23
618,24
619,24
620,25
621,25
622,26
623,26
624,1
625,1
626,2
627,2
628,3
629,3
630,4
631,4
632,5
633,5
634,6
635,6
636,7
637,7
638,8
639,8
640,9
641,9
642,10
643,10
644,11
645,11
646,12
647,12
648,13
649,13
650,14
651,14
652,15
653,15
654,16
655,16
656,17
657,17
658,18
659,18
660,19
661,19
662,20
663,20
664,21
665,21
666,22
667,22
668,23
669,23
670,24
671,24
672,25
673,25
674,26
675,26
676,1
677,1
678,2
679,2
680,3
681,3
682,4
683,4
684,5
685,5
686,6
687,6
688,7
689,7
690,8
691,8
692,9
693,9
694,10
695,10
696,11
697,11
698,12
699,12
700,13
701,13
702,14
703,14
704,15
705,15
706,16
707,16
708,17
709,17
710,18
711,18
712,19
713,19
714,20
715,20
716,21
717,21
718,22
719,22
720,23
721,23
722,24
723,24
724,25
725,25
726,26
727,26
728,1
729,1
730,2
731,2
732,3
733,3
734,4
735,4
736,5
737,5
738,6
739,6
740,7
741,7
742,8
743,8
744,9
745,9
746,10
747,10
748,11
749,11
750,12
751,12
752,13
753,13
754,14
755,14
756,15
757,15
758,16
759,16
760,17
761,17
762,18
763,18
764,19
765,19
766,20
767,20
768,21
769,21
770,22
771,22
772,23
773,23
774,24
775,24
776,25
777,25
778,26
779,26
780,1
781,1
782,2
783,2
784,3
785,3
786,4
787,4
788,5
789,5
790,6
791,6
792,7
793,7
794,8
795,8
796,9
797,9
798,10
799,10
800,11
801,11
802,12
803,12
804,13
805,13
806,14
807,14
808,15
809,15
810,16
811,16
812,17
813,17
814,18
815,18
816,19
817,19
818,20
819,20
820,21
821,21
822,22
823,22
824,23
825,23
826,24
827,24
828,25
829,25
830,26
831,26
832,1
833,1
834,2
835,2
836,3
837,3
838,4
839,4
840,5
841,5
842,6
843,6
844,7
845,7
846,8
847,8
848,9
849,9
850,10
851,10
852,11
853,11
854,12
855,12
856,13
857,13
858,14
859,14
860,15
861,15
862,16
863,16
864,17
865,17
866,18
867,18
868,19
869,19
870,20
871,20
872,21
873,21
874,22
875,22
876,23
877,23
878,24
879,24
880,25
881,25
882,26
883,26
884,1
885,1
886,2
887,2
888,3
889,3
890,4
891,4
892,5
893,5
894,6
895,6
896,7
897,7
898,8
899,8
900,9
901,9
902,10
903,10
904,11
905,11
906,12
907,12
908,13
909,13
910,14
911,14
912,15
913,15
914,16
915,16
916,17
917,17
918,18
919,18
920,19
921,19
922,20
923,20
924,21
925,21
926,22
927,22
928,23
929,23
930,24
931,24
932,25
933,25
934,26
935,26
936,1
937,1
938,2
939,2
940,3
941,3
942,4
943,4
944,5
945,5
946,6
947,6
948,7
949,7
950,8
951,8
952,9
953,9
954,10
955,10
956,11
957,11
958,12
959,12
960,13
961,13
962,14
963,14
964,15
965,15
966,16
967,16
968,17
969,17
970,18
971,18
972,19
973,19
974,20
975,20
976,21
977,21
978,22
979,22
980,23
981,23
982,24
983,24
984,25
985,25
986,26
987,26
988,1
989,1
990,2
991,2
992,3
993,3
994,4
995,4
996,5
997,5
998,6
999,6
1000,7
1001,7
1002,8
1003,8
1004,9
1005,9
1006,10
1007,10
1008,11
1009,11
1010,12
1011,12
1012,13
1013,13
1014,14
1015,14
1016,15
1017,15
1018,16
1019,16
1020,17
1021,17
1022,18
1023,18
1024,19
1025,19
1026,20
1027,20
1028,21
1029,21
1030,22
1031,22
1032,23
1033,23
1034,24
1035,24
1036,25
1037,25
1038,26
1039,26
1040,1
1041,1
1042,2
1043,2
1044,3
1045,3
1046,4
1047,4
1048,5
1049,5
1050,6
1051,6
1052,7
1053,7
1054,8
1055,8
1056,9
1057,9
1058,10
1059,10
1060,11
1061,11
1062,12
1063,12
1064,13
1065,13
1066,14
1067,14
1068,15
1069,15
1070,16
1071,16
1072,17
1073,17
1074,18
1075,18
1076,19
1077,19
1078,20
1079,20
1080,21
1081,21
1082,22
1083,22
1084,23
1085,23
1086,24
1087,24
1088,25
1089,25
1090,26
1091,26
1092,1
1093,1
1094,2
1095,2
1096,3
1097,3
1098,4
1099,4
1100,5
1101,5
1102,6
1103,6
1104,7
1105,7
1106,8
1107,8
1108,9
1109,9
1110,10
1111,10
1112,11
1113,11
1114,12
1115,12
1116,13
1117,13
1118,14
1119,14
1120,15
1121,15
1122,16
1123,16
1124,17
1125,17
1126,18
1127,18
1128,19
1129,19
1130,20
1131,20
1132,21
1133,21
1134,22
1135,22
1136,23
1137,23
1138,24
1139,24
1140,25
1141,25
1142,26
1143,26
1144,1
1145,1
1146,2
1147,2
1148,3
1149,3
1150,4
1151,4
1152,5
1153,5
1154,6
1155,6
1156,7
1157,7
1158,8
1159,8
1160,9
1161,9
1162,10
1163,10
1164,11
1165,11
1166,12
1167,12
1168,13
1169,13
1170,14
1171,14
1172,15
1173,15
1174,16
1175,16
1176,17
1177,17
1178,18
1179,18
1180,19
1181,19
1182,20
1183,20
1184,21
1185,21
1186,22
1187,22
1188,23
1189,23
1190,24
1191,24
1192,25
1193,25
1194,26
1195,26
1196,1
1197,1
1198,2
1199,2
1200,3
1201,3
1202,4
1203,4
1204,5
1205,5
1206,6
1207,6
1208,7
1209,7
1210,8
1211,8
1212,9
1213,9
1214,10
1215,10
1216,11
1217,11
1218,12
1219,12
1220,13
1221,13
1222,14
1223,14
1224,15
1225,15
1226,16
1227,16
1228,17
1229,17
1230,18
1231,18
1232,19
1233,19
1234,20
1235,20
1236,21
1237,21
1238,22
1239,22
1240,23
1241,23
1242,24
1243,24
1244,25
1245,25
1246,26
1247,26
1248,1
1249,1
1250,2
1251,2
1252,3
1253,3
1254,4
1255,4
1256,5
1257,5
1258,6
1259,6
1260,7
1261,7
1262,8
1263,8
1264,9
1265,9
1266,10
1267,10
1268,11
1269,11
1270,12
1271,12
1272,13
1273,13
1274,14
1275,14
1276,15
1277,15
1278,16
1279,16
1280,17
1281,17
1282,18
1283,18
1284,19
1285,19
1286,20
1287,20
1288,21
1289,21
1290,22
1291,22
1292,23
1293,23
1294,24
1295,24
1296,25
1297,25
1298,26
1299,26
1300,1
1301,1
1302,2
1303,2
1304,3
1305,3
1306,4
1307,4
1308,5
1309,5
1310,6
1311,6
1312,7
1313,7
1314,8
1315,8
1316,9
1317,9
1318,10
1319,10
1320,11
1321,11
1322,12
1323,12
1324,13
1325,13
1326,14
1327,14
1328,15
1329,15
1330,16
1331,16
1332,17
1333,17
1334,18
1335,18
1336,19
1337,19
1338,20
1339,20
1340,21
1341,21
1342,22
1343,22
1344,23
1345,23
1346,24
1347,24
1348,25
1349,25
1350,26
1351,26
1352,1
1353,1
1354,2
1355,2
1356,3
1357,3
1358,4
1359,4
1360,5
1361,5
1362,6
1363,6
1364,7
1365,7
1366,8
1367,8
1368,9
1369,9
1370,10
1371,10
1372,11
1373,11
1374,12
1375,12
1376,13
1377,13
1378,14
1379,14
1380,15
1381,15
1382,16
1383,16
1384,17
1385,17
1386,18
1387,18
1388,19
1389,19
1390,20
1391,20
1392,21
1393,21
1394,22
1395,22
1396,23
1397,23
1398,24
1399,24
1400,25
1401,25
1402,26
1403,26
1404,1
1405,1
1406,2
1407,2
1408,3
1409,3
1410,4
1411,4
1412,5
1413,5
1414,6
1415,6
1416,7
1417,7
1418,8
1419,8
1420,9
1421,9
1422,10
1423,10
1424,11
1425,11
1426,12
1427,12
1428,13
1429,13
1430,14
1431,14
1432,15
1433,15
1434,16
1435,16
1436,17
1437,17
1438,18
1439,18
1440,19
1441,19
1442,20
1443,20
1444,21
1445,21
1446,22
1447,22
1448,23
1449,23
1450,24
1451,24
1452,25
1453,25
1454,26
1455,26
1456,1
1457,1
1458,2
1459,2
1460,3
1461,3
1462,4
1463,4
1464,5
1465,5
1466,6
1467,6
1468,7
1469,7
1470,8
1471,8
1472,9
1473,9
1474,10
1475,10
1476,11
1477,11
1478,12
1479,12
1480,13
1481,13
1482,14
1483,14
1484,15
1485,15
1486,16
1487,16
1488,17
1489,17
1490,18
1491,18
1492,19
1493,19
1494,20
1495,20
1496,21
1497,21
1498,22
1499,22
1500,23
1501,23
1502,24
1503,24
1504,25
1505,25
1506,26
1507,26
1508,1
1509,1
1510,2
1511,2
1512,3
1513,3
1514,4
1515,4
1516,5
1517,5
1518,6
1519,6
1520,7
1521,7
1522,8
1523,8
1524,9
1525,9
1526,10
1527,10
1528,11
1529,11
1530,12
1531,12
1532,13
1533,13
1534,14
1535,14
1536,15
1537,15
1538,16
1539,16
1540,17
1541,17
1542,18
1543,18
1544,19
1545,19
1546,20
1547,20
1548,21
1549,21
1550,22
1551,22
1552,23
1553,23
1554,24
1555,24
1556,25
1557,25
1558,26
1559,26
1560,1
1561,1
1562,2
1563,2
1564,3
1565,3
1566,4
1567,4
1568,5
1569,5
1570,6
1571,6
1572,7
1573,7
1574,8
1575,8
1576,9
1577,9
1578,10
1579,10
1580,11
1581,11
1582,12
1583,12
1584,13
1585,13
1586,14
1587,14
1588,15
1589,15
1590,16
1591,16
1592,17
1593,17
1594,18
1595,18
1596,19
1597,19
1598,20
1599,20
1600,21
1601,21
1602,22
1603,22
1604,23
1605,23
1606,24
1607,24
1608,25
1609,25
1610,26
1611,26
1612,1
1613,1
1614,2
1615,2
1616,3
1617,3
1618,4
1619,4
1620,5
1621,5
1622,6
1623,6
1624,7
1625,7
1626,8
1627,8
1628,9
1629,9
1630,10
1631,10
1632,11
1633,11
1634,12
1635,12
1636,13
1637,13
1638,14
1639,14
1640,15
1641,15
1642,16
1643,16
1644,17
1645,17
1646,18
1647,18
1648,19
1649,19
1650,20
1651,20
1652,21
1653,21
1654,22
1655,22
1656,23
1657,23
1658,24
1659,24
1660,25
1661,25
1662,26
1663,26
1664,1
1665,1
1666,2
1667,2
1668,3
1669,3
1670,4
1671,4
1672,5
1673,5
1674,6
1675,6
1676,7
1677,7
1678,8
1679,8
1680,9
1681,9
1682,10
1683,10
1684,11
1685,11
1686,12
1687,12
1688,13
1689,13
1690,14
1691,14
1692,15
1693,15
1694,16
1695,16
1696,17
1697,17
1698,18
1699,18
1700,19
1701,19
1702,20
1703,20
1704,21
1705,21
1706,22
1707,22
1708,23
1709,23
1710,24
1711,24
1712,25
1713,25
1714,26
1715,26
1716,1
1717,1
1718,2
1719,2
1720,3
1721,3
1722,4
1723,4
1724,5
1725,5
1726,6
1727,6
1728,7
1729,7
1730,8
1731,8
1732,9
1733,9
1734,10
1735,10
1736,11
1737,11
1738,12
1739,12
1740,13
1741,13
1742,14
1743,14
1744,15
1745,15
1746,16
1747,16
1748,17
1749,17
1750,18
1751,18
1752,19
1753,19
1754,20
1755,20
1756,21
1757,21
1758,22
1759,22
1760,23
1761,23
1762,24
1763,24
1764,25
1765,25
1766,26
1767,26
1768,1
1769,1
1770,2
1771,2
1772,3
1773,3
1774,4
1775,4
1776,5
1777,5
1778,6
1779,6
1780,7
1781,7
1782,8
1783,8
1784,9
1785,9
1786,10
1787,10
1788,11
1789,11
1790,12
1791,12
1792,13
1793,13
1794,14
1795,14
1796,15
1797,15
1798,16
1799,16
1800,17
1801,17
1802,18
1803,18
1804,19
1805,19
1806,20
1807,20
1808,21
1809,21
1810,22
1811,22
1812,23
1813,23
1814,24
1815,24
1816,25
1817,25
1818,26
1819,26
1820,1
1821,1
1822,2
1823,2
1824,3
1825,3
1826,4
1827,4
1828,5
1829,5
1830,6
1831,6
1832,7
1833,7
1834,8
1835,8
1836,9
1837,9
1838,10
1839,10
1840,11
1841,11
1842,12
1843,12
1844,13
1845,13
1846,14
1847,14
1848,15
1849,15
1850,16
1851,16
1852,17
1853,17
1854,18
1855,18
1856,19
1857,19
1858,20
1859,20
1860,21
1861,21
1862,22
1863,22
1864,23
1865,23
1866,24
1867,24
1868,25
1869,25
1870,26
1871,26
1872,1
1873,1
1874,2
1875,2
1876,3
1877,3
1878,4
1879,4
1880,5
1881,5
1882,6
1883,6
1884,7
1885,7
1886,8
1887,8
1888,9
1889,9
1890,10
1891,10
1892,11
1893,11
1894,12
1895,12
1896,13
1897,13
1898,14
1899,14
1900,15
1901,15
1902,16
1903,16
1904,17
1905,17
1906,18
1907,18
1908,19
1909,19
1910,20
1911,20
1912,21
1913,21
1914,22
1915,22
1916,23
1917,23
1918,24
1919,24
1920,25
1921,25
1922,26
1923,26
1924,1
1925,1
1926,2
1927,2
1928,3
1929,3
1930,4
1931,4
1932,5
1933,5
1934,6
1935,6
1936,7
1937,7
1938,8
1939,8
1940,9
1941,9
1942,10
1943,10
1944,11
1945,11
1946,12
1947,12
1948,13
1949,13
1950,14
1951,14
1952,15
1953,15
1954,16
1955,16
1956,17
1957,17
1958,18
1959,18
1960,19
1961,19
1962,20
1963,20
1964,21
1965,21
1966,22
1967,22
1968,23
1969,23
1970,24
1971,24
1972,25
1973,25
1974,26
1975,26
1976,1
1977,1
1978,2
1979,2
1980,3
1981,3
1982,4
1983,4
1984,5
1985,5
1986,6
1987,6
1988,7
1989,7
1990,8
1991,8
1992,9
1993,9
1994,10
1995,10
1996,11
1997,11
1998,12
1999,12
2000,13
2001,13
2002,14
2003,14
2004,15
2005,15
2006,16
2007,16
2008,17
2009,17
2010,18
2011,18
2012,19
2013,19
2014,20
2015,20
2016,21
2017,21
2018,22
2019,22
2020,23
2021,23
2022,24
2023,24
2024,25
2025,25
2026,26
2027,26
2028,1
2029,1
2030,2
2031,2
2032,3
2033,3
2034,4
2035,4
2036,5
2037,5
2038,6
2039,6
2040,7
2041,7
2042,8
2043,8
2044,9
2045,9
2046,10
2047,10
2048,11
2049,11
2050,12
2051,12
2052,13
2053,13
2054,14
2055,14
2056,15
2057,15
2058,16
2059,16
2060,17
2061,17
2062,18
2063,18
2064,19
2065,19
2066,20
2067,20
2068,21
2069,21
2070,22
2071,22
2072,23
2073,23
2074,24
2075,24
2076,25
2077,25
2078,26
2079,26
2080,1
2081,1
2082,2
2083,2
2084,3
2085,3
2086,4
2087,4
2088,5
2089,5
2090,6
2091,6
2092,7
2093,7
2094,8
2095,8
2096,9
2097,9
2098,10
2099,10
2100,11
2101,11
2102,12
2103,12
2104,13
2105,13
2106,14
2107,14
2108,15
2109,15
2110,16
2111,16
2112,17
2113,17
2114,18
2115,18
2116,19
2117,19
2118,20
2119,20
2120,21
2121,21
2122,22
2123,22
2124,23
2125,23
2126,24
2127,24
2128,25
2129,25
2130,26
2131,26
2132,1
2133,1
2134,2
2135,2
2136,3
2137,3
2138,4
2139,4
2140,5
2141,5
2142,6
2143,6
2144,7
2145,7
2146,8
2147,8
2148,9
2149,9
2150,10
2151,10
2152,11
2153,11
2154,12
2155,12
2156,13
2157,13
2158,14
2159,14
2160,15
2161,15
2162,16
2163,16
2164,17
2165,17
2166,18
2167,18
2168,19
2169,19
2170,20
2171,20
2172,21
2173,21
2174,22
2175,22
2176,23
2177,23
2178,24
2179,24
2180,25
2181,25
2182,26
2183,26
2184,1
2185,1
2186,2
2187,2
2188,3
2189,3
2190,4
2191,4
2192,5
2193,5
2194,6
2195,6
2196,7
2197,7
2198,8
2199,8
2200,9
2201,9
2202,10
2203,10
2204,11
2205,11
2206,12
2207,12
2208,13
2209,13
2210,14
2211,14
2212,15
2213,15
2214,16
2215,16
2216,17
2217,17
2218,18
2219,18
2220,19
2221,19
2222,20
2223,20
2224,21
2225,21
2226,22
2227,22
2228,23
2229,23
2230,24
2231,24
2232,25
2233,25
2234,26
2235,26
2236,1
2237,1
2238,2
2239,2
2240,3
2241,3
2242,4
2243,4
2244,5
2245,5
2246,6
2247,6
2248,7
2249,7
2250,8
2251,8
2252,9
2253,9
2254,10
2255,10
2256,11
2257,11
2258,12
2259,12
2260,13
2261,13
2262,14
2263,14
2264,15
2265,15
2266,16
2267,16
2268,17
2269,17
2270,18
2271,18
2272,19
2273,19
2274,20
2275,20
2276,21
2277,21
2278,22
2279,22
2280,23
2281,23
2282,24
2283,24
2284,25
2285,25
2286,26
2287,26
2288,1
2289,1
2290,2
2291,2
2292,3
2293,3
2294,4
2295,4
2296,5
2297,5
2298,6
2299,6
2300,7
2301,7
2302,8
2303,8
2304,9
2305,9
2306,10
2307,10
2308,11
2309,11
2310,12
2311,12
2312,13
2313,13
2314,14
2315,14
2316,15
2317,15
2318,16
2319,16
2320,17
2321,17
2322,18
2323,18
2324,19
2325,19
2326,20
2327,20
2328,21
2329,21
2330,22
2331,22
2332,23
2333,23
2334,24
2335,24
2336,25
2337,25
2338,26
2339,26
2340,1
2341,1
2342,2
2343,2
2344,3
2345,3
2346,4
2347,4
2348,5
2349,5
2350,6
2351,6
2352,7
2353,7
2354,8
2355,8
2356,9
2357,9
2358,10
2359,10
2360,11
2361,11
2362,12
2363,12
2364,13
2365,13
2366,14
2367,14
2368,15
2369,15
2370,16
2371,16
2372,17
2373,17
2374,18
2375,18
2376,19
2377,19
2378,20
2379,20
2380,21
2381,21
2382,22
2383,22
2384,23
2385,23
2386,24
2387,24
2388,25
2389,25
2390,26
2391,26
2392,1
2393,1
2394,2
2395,2
2396,3
2397,3
2398,4
2399,4
2400,5
2401,5
2402,6
2403,6
2404,7
2405,7
2406,8
2407,8
2408,9
2409,9
2410,10
2411,10
2412,11
2413,11
2414,12
2415,12
2416,13
2417,13
2418,14
2419,14
2420,15
2421,15
2422,16
2423,16
2424,17
2425,17
2426,18
2427,18
2428,19
2429,19
2430,20
2431,20
2432,21
2433,21
2434,22
2435,22
2436,23
2437,23
2438,24
2439,24
2440,25
2441,25
2442,26
2443,26
2444,1
2445,1
2446,2
2447,2
2448,3
2449,3
2450,4
2451,4
2452,5
2453,5
2454,6
2455,6
2456,7
2457,7
2458,8
2459,8
2460,9
2461,9
2462,10
2463,10
2464,11
2465,11
2466,12
2467,12
2468,13
2469,13
2470,14
2471,14
2472,15
2473,15
2474,16
2475,16
2476,17
2477,17
2478,18
2479,18
2480,19
2481,19
2482,20
2483,20
2484,21
2485,21
2486,22
2487,22
2488,23
2489,23
2490,24
2491,24
2492,25
2493,25
2494,26
2495,26
2496,1
2497,1
2498,2
2499,2
2500,3
2501,3
2502,4
2503,4
2504,5
2505,5
2506,6
2507,6
2508,7
2509,7
2510,8
2511,8
2512,9
2513,9
2514,10
2515,10
2516,11
2517,11
2518,12
2519,12
2520,13
2521,13
2522,14
2523,14
2524,15
2525,15
2526,16
2527,16
2528,17
2529,17
2530,18
2531,18
2532,19
2533,19
2534,20
2535,20
2536,21
2537,21
2538,22
2539,22
2540,23
2541,23
2542,24
2543,24
2544,25
2545,25
2546,26
2547,26
2548,1
2549,1
2550,2
2551,2
2552,3
2553,3
2554,4
2555,4
2556,5
2557,5
2558,6
2559,6
2560,7
2561,7
2562,8
2563,8
2564,9
2565,9
2566,10
2567,10
2568,11
2569,11
2570,12
2571,12
2572,13
2573,13
2574,14
2575,14
2576,15
2577,15
2578,16
2579,16
2580,17
2581,17
2582,18
2583,18
2584,19
2585,19
2586,20
2587,20
2588,21
2589,21
2590,22
2591,22
2592,23
2593,23
2594,24
2595,24
2596,25
2597,25
2598,26
2599,26
2600,1
2601,1
2602,2
2603,2
2604,3
2605,3
2606,4
2607,4
2608,5
2609,5
2610,6
2611,6
2612,7
2613,7
2614,8
2615,8
2616,9
2617,9
2618,10
2619,10
2620,11
2621,11
2622,12
2623,12
2624,13
2625,13
2626,14
2627,14
2628,15
2629,15
2630,16
2631,16
2632,17
2633,17
2634,18
2635,18
2636,19
2637,19
2638,20
2639,20
2640,21
2641,21
2642,22
2643,22
2644,23
2645,23
2646,24
2647,24
2648,25
2649,25
2650,26
2651,26
2652,1
2653,1
2654,2
2655,2
2656,3
2657,3
2658,4
2659,4
2660,5
2661,5
2662,6
2663,6
2664,7
2665,7
2666,8
2667,8
2668,9
2669,9
2670,10
2671,10
2672,11
2673,11
2674,12
2675,12
2676,13
2677,13
2678,14
2679,14
2680,15
2681,15
2682,16
2683,16
2684,17
2685,17
2686,18
2687,18
2688,19
2689,19
2690,20
2691,20
2692,21
2693,21
2694,22
2695,22
2696,23
2697,23
2698,24
2699,24
2700,25
2701,25
2702,26
2703,26
2704,1
2705,1
2706,2
2707,2
2708,3
2709,3
2710,4
2711,4
2712,5
2713,5
2714,6
2715,6
2716,7
2717,7
2718,8
2719,8
2720,9
2721,9
2722,10
2723,10
2724,11
2725,11
2726,12
2727,12
2728,13
2729,13
2730,14
2731,14
2732,15
2733,15
2734,16
2735,16
2736,17
2737,17
2738,18
2739,18
2740,19
2741,19
2742,20
2743,20
2744,21
2745,21
2746,22
2747,22
2748,23
2749,23
2750,24
2751,24
2752,25
2753,25
2754,26
2755,26
2756,1
2757,1
2758,2
2759,2
2760,3
2761,3
2762,4
2763,4
2764,5
2765,5
2766,6
2767,6
2768,7
2769,7
2770,8
2771,8
2772,9
2773,9
2774,10
2775,10
2776,11
2777,11
2778,12
2779,12
2780,13
2781,13
2782,14
2783,14
2784,15
2785,15
2786,16
2787,16
2788,17
2789,17
2790,18
2791,18
2792,19
2793,19
2794,20
2795,20
2796,21
2797,21
2798,22
2799,22
2800,23
2801,23
2802,24
2803,24
2804,25
2805,25
2806,26
2807,26
2808,1
2809,1
2810,2
2811,2
2812,3
2813,3
2814,4
2815,4
2816,5
2817,5
2818,6
2819,6
2820,7
2821,7
2822,8
2823,8
2824,9
2825,9
2826,10
2827,10
2828,11
2829,11
2830,12
2831,12
2832,13
2833,13
2834,14
2835,14
2836,15
2837,15
2838,16
2839,16
2840,17
2841,17
2842,18
2843,18
2844,19
2845,19
2846,20
2847,20
2848,21
2849,21
2850,22
2851,22
2852,23
2853,23
2854,24
2855,24
2856,25
2857,25
2858,26
2859,26
2860,1
2861,1
2862,2
2863,2
2864,3
2865,3
2866,4
2867,4
2868,5
2869,5
2870,6
2871,6
2872,7
2873,7
2874,8
2875,8
2876,9
2877,9
2878,10
2879,10
2880,11
2881,11
2882,12
2883,12
2884,13
2885,13
2886,14
2887,14
2888,15
2889,15
2890,16
2891,16
2892,17
2893,17
2894,18
2895,18
2896,19
2897,19
2898,20
2899,20
2900,21
2901,21
2902,22
2903,22
2904,23
2905,23
2906,24
2907,24
2908,25
2909,25
2910,26
2911,26
2912,1
2913,1
2914,2
2915,2
2916,3
2917,3
2918,4
2919,4
2920,5
2921,5
2922,6
2923,6
2924,7
2925,7
2926,8
2927,8
2928,9
2929,9
2930,10
2931,10
2932,11
2933,11
2934,12
2935,12
2936,13
2937,13
2938,14
2939,14
2940,15
2941,15
2942,16
2943,16
2944,17
2945,17
2946,18
2947,18
2948,19
2949,19
2950,20
2951,20
2952,21
2953,21
2954,22
2955,22
2956,23
2957,23
2958,24
2959,24
2960,25
2961,25
2962,26
2963,26
2964,1
2965,1
2966,2
2967,2
2968,3
2969,3
2970,4
2971,4
2972,5
2973,5
2974,6
2975,6
2976,7
2977,7
2978,8
2979,8
2980,9
2981,9
2982,10
2983,10
2984,11
2985,11
2986,12
2987,12
2988,13
2989,13
2990,14
2991,14
2992,15
2993,15
2994,16
2995,16
2996,17
2997,17
2998,18
2999,18
3000,19
3001,19
3002,20
3003,20
3004,21
3005,21
3006,22
3007,22
3008,23
3009,23
3010,24
3011,24
3012,25
3013,25
3014,26
3015,26
3016,1
3017,1
3018,2
3019,2
3020,3
3021,3
3022,4
3023,4
3024,5
3025,5
3026,6
3027,6
3028,7
3029,7
3030,8
3031,8
3032,9
3033,9
3034,10
3035,10
3036,11
3037,11
3038,12
3039,12
3040,13
3041,13
3042,14
3043,14
3044,15
3045,15
3046,16
3047,16
3048,17
3049,17
3050,18
3051,18
3052,19
3053,19
3054,20
3055,20
3056,21
3057,21
3058,22
3059,22
3060,23
3061,23
3062,24
3063,24
3064,25
3065,25
3066,26
3067,26
3068,1
3069,1
3070,2
3071,2
3072,3
3073,3
3074,4
3075,4
3076,5
3077,5
3078,6
3079,6
3080,7
3081,7
3082,8
3083,8
3084,9
3085,9
3086,10
3087,10
3088,11
3089,11
3090,12
3091,12
3092,13
3093,13
3094,14
3095,14
3096,15
3097,15
3098,16
3099,16
3100,17
3101,17
3102,18
3103,18
3104,19
3105,19
3106,20
3107,20
3108,21
3109,21
3110,22
3111,22
3112,23
3113,23
3114,24
3115,24
3116,25
3117,25
3118,26
3119,26
3120,1
3121,2
3122,3
3123,4
3124,5
3125,6
3126,7
3127,8
3128,9
3129,10
3130,11
3131,12
3132,13
3133,14
3134,15
3135,16
3136,17
3137,18
3138,19
3139,20
3140,21
3141,22
3142,23
3143,24
3144,25
3145,26
3146,1
3147,2
3148,3
3149,4
3150,5
3151,6
3152,7
3153,8
3154,9
3155,10
3156,11
3157,12
3158,13
3159,14
3160,15
3161,16
3162,17
3163,18
3164,19
3165,20
3166,21
3167,22
3168,23
3169,24
3170,25
3171,26
3172,1
3173,2
3174,3
3175,4
3176,5
3177,6
3178,7
3179,8
3180,9
3181,10
3182,11
3183,12
3184,13
3185,14
3186,15
3187,16
3188,17
3189,18
3190,19
3191,20
3192,21
3193,22
3194,23
3195,24
3196,25
3197,26
3198,1
3199,2
3200,3
3201,4
3202,5
3203,6
3204,7
3205,8
3206,9
3207,10
3208,11
3209,12
3210,13
3211,14
3212,15
3213,16
3214,17
3215,18
3216,19
3217,20
3218,21
3219,22
3220,23
3221,24
3222,25
3223,26
3224,1
3225,2
3226,3
3227,4
3228,5
3229,6
3230,7
3231,8
3232,9
3233,10
3234,11
3235,12
3236,13
3237,14
3238,15
3239,16
3240,17
3241,18
3242,19
3243,20
3244,21
3245,22
3246,23
3247,24
3248,25
3249,26
3250,1
3251,2
3252,3
3253,4
3254,5
3255,6
3256,7
3257,8
3258,9
3259,10
3260,11
3261,12
3262,13
3263,14
3264,15
3265,16
3266,17
3267,18
3268,19
3269,20
3270,21
3271,22
3272,23
3273,24
3274,25
3275,26
3276,1
3277,2
3278,3
3279,4
3280,5
3281,6
3282,7
3283,8
3284,9
3285,10
3286,11
3287,12
3288,13
3289,14
3290,15
3291,16
3292,17
3293,18
3294,19
3295,20
3296,21
3297,22
3298,23
3299,24
3300,25
3301,26
3302,1
3303,2
3304,3
3305,4
3306,5
3307,6
3308,7
3309,8
3310,9
3311,10
3312,11
3313,12
3314,13
3315,14
3316,15
3317,16
3318,17
3319,18
3320,19
3321,20
3322,21
3323,22
3324,23
3325,24
3326,25
3327,26
3328,1
3329,2
3330,3
3331,4
3332,5
3333,6
3334,7
3335,8
3336,9
3337,10
3338,11
3339,12
3340,13
3341,14
3342,15
3343,16
3344,17
3345,18
3346,19
3347,20
3348,21
3349,22
3350,23
3351,24
3352,25
3353,26
3354,1
3355,2
3356,3
3357,4
3358,5
3359,6
3360,7
3361,8
3362,9
3363,10
3364,11
3365,12
3366,13
3367,14
3368,15
3369,16
3370,17
3371,18
3372,19
3373,20
3374,21
3375,22
3376,23
3377,24
3378,25
3379,26
3380,1
3381,2
3382,3
3383,4
3384,5
3385,6
3386,7
3387,8
3388,9
3389,10
3390,11
3391,12
3392,13
3393,14
3394,15
3395,16
3396,17
3397,18
3398,19
3399,20
3400,21
3401,22
3402,23
3403,24
3404,25
3405,26
3406,1
3407,2
3408,3
3409,4
3410,5
3411,6
3412,7
3413,8
3414,9
3415,10
3416,11
3417,12
3418,13
3419,14
3420,15
3421,16
3422,17
3423,18
3424,19
3425,20
3426,21
3427,22
3428,23
3429,24
3430,25
3431,26
3432,1
3433,2
3434,3
3435,4
3436,5
3437,6
3438,7
3439,8
3440,9
3441,10
3442,11
3443,12
3444,13
3445,14
3446,15
3447,16
3448,17
3449,18
3450,19
3451,20
3452,21
3453,22
3454,23
3455,24
3456,25
3457,26
3458,1
3459,2
3460,3
3461,4
3462,5
3463,6
3464,7
3465,8
3466,9
3467,10
3468,11
3469,12
3470,13
3471,14
3472,15
3473,16
3474,17
3475,18
3476,19
3477,20
3478,21
3479,22
3480,23
3481,24
3482,25
3483,26
3484,1
3485,2
3486,3
3487,4
3488,5
3489,6
3490,7
3491,8
3492,9
3493,10
3494,11
3495,12
3496,13
3497,14
3498,15
3499,16
3500,17
3501,18
3502,19
3503,20
3504,21
3505,22
3506,23
3507,24
3508,25
3509,26
3510,1
3511,2
3512,3
3513,4
3514,5
3515,6
3516,7
3517,8
3518,9
3519,10
3520,11
3521,12
3522,13
3523,14
3524,15
3525,16
3526,17
3527,18
3528,19
3529,20
3530,21
3531,22
3532,23
3533,24
3534,25
3535,26
3536,1
3537,2
3538,3
3539,4
3540,5
3541,6
3542,7
3543,8
3544,9
3545,10
3546,11
3547,12
3548,13
3549,14
3550,15
3551,16
3552,17
3553,18
3554,19
3555,20
3556,21
3557,22
3558,23
3559,24
3560,25
3561,26
3562,1
3563,2
3564,3
3565,4
3566,5
3567,6
3568,7
3569,8
3570,9
3571,10
3572,11
3573,12
3574,13
3575,14
3576,15
3577,16
3578,17
3579,18
3580,19
3581,20
3582,21
3583,22
3584,23
3585,24
3586,25
3587,26
3588,1
3589,2
3590,3
3591,4
3592,5
3593,6
3594,7
3595,8
3596,9
3597,10
3598,11
3599,12
3600,13
3601,14
3602,15
3603,16
3604,17
3605,18
3606,19
3607,20
3608,21
3609,22
3610,23
3611,24
3612,25
3613,26
3614,1
3615,2
3616,3
3617,4
3618,5
3619,6
3620,7
3621,8
3622,9
3623,10
3624,11
3625,12
3626,13
3627,14
3628,15
3629,16
3630,17
3631,18
3632,19
3633,20
3634,21
3635,22
3636,23
3637,24
3638,25
3639,26
3640,1
3641,2
3642,3
3643,4
3644,5
3645,6
3646,7
3647,8
3648,9
3649,10
3650,11
3651,12
3652,13
3653,14
3654,15
3655,16
3656,17
3657,18
3658,19
3659,20
3660,21
3661,22
3662,23
3663,24
3664,25
3665,26
3666,1
3667,2
3668,3
3669,4
3670,5
3671,6
3672,7
3673,8
3674,9
3675,10
3676,11
3677,12
3678,13
3679,14
3680,15
3681,16
3682,17
3683,18
3684,19
3685,20
3686,21
3687,22
3688,23
3689,24
3690,25
3691,26
3692,1
3693,2
3694,3
3695,4
3696,5
3697,6
3698,7
3699,8
3700,9
3701,10
3702,11
3703,12
3704,13
3705,14
3706,15
3707,16
3708,17
3709,18
3710,19
3711,20
3712,21
3713,22
3714,23
3715,24
3716,25
3717,26
3718,1
3719,2
3720,3
3721,4
3722,5
3723,6
3724,7
3725,8
3726,9
3727,10
3728,11
3729,12
3730,13
3731,14
3732,15
3733,16
3734,17
3735,18
3736,19
3737,20
3738,21
3739,22
3740,23
3741,24
3742,25
3743,26
3744,1
3745,2
3746,3
3747,4
3748,5
3749,6
3750,7
3751,8
3752,9
3753,10
3754,11
3755,12
3756,13
3757,14
3758,15
3759,16
3760,17
3761,18
3762,19
3763,20
3764,21
3765,22
3766,23
3767,24
3768,25
3769,26
3770,1
3771,2
3772,3
3773,4
3774,5
3775,6
3776,7
3777,8
3778,9
3779,10
3780,11
3781,12
3782,13
3783,14
3784,15
3785,16
3786,17
3787,18
3788,19
3789,20
3790,21
3791,22
3792,23
3793,24
3794,25
3795,26
3796,1
3797,2
3798,3
3799,4
3800,5
3801,6
3802,7
3803,8
3804,9
3805,10
3806,11
3807,12
3808,13
3809,14
3810,15
3811,16
3812,17
3813,18
3814,19
3815,20
3816,21
3817,22
3818,23
3819,24
3820,25
3821,26
3822,1
3823,2
3824,3
3825,4
3826,5
3827,6
3828,7
3829,8
3830,9
3831,10
3832,11
3833,12
3834,13
3835,14
3836,15
3837,16
3838,17
3839,18
3840,19
3841,20
3842,21
3843,22
3844,23
3845,24
3846,25
3847,26
3848,1
3849,2
3850,3
3851,4
3852,5
3853,6
3854,7
3855,8
3856,9
3857,10
3858,11
3859,12
3860,13
3861,14
3862,15
3863,16
3864,17
3865,18
3866,19
3867,20
3868,21
3869,22
3870,23
3871,24
3872,25
3873,26
3874,1
3875,2
3876,3
3877,4
3878,5
3879,6
3880,7
3881,8
3882,9
3883,10
3884,11
3885,12
3886,13
3887,14
3888,15
3889,16
3890,17
3891,18
3892,19
3893,20
3894,21
3895,22
3896,23
3897,24
3898,25
3899,26
3900,1
3901,2
3902,3
3903,4
3904,5
3905,6
3906,7
3907,8
3908,9
3909,10
3910,11
3911,12
3912,13
3913,14
3914,15
3915,16
3916,17
3917,18
3918,19
3919,20
3920,21
3921,22
3922,23
3923,24
3924,25
3925,26
3926,1
3927,2
3928,3
3929,4
3930,5
3931,6
3932,7
3933,8
3934,9
3935,10
3936,11
3937,12
3938,13
3939,14
3940,15
3941,16
3942,17
3943,18
3944,19
3945,20
3946,21
3947,22
3948,23
3949,24
3950,25
3951,26
3952,1
3953,2
3954,3
3955,4
3956,5
3957,6
3958,7
3959,8
3960,9
3961,10
3962,11
3963,12
3964,13
3965,14
3966,15
3967,16
3968,17
3969,18
3970,19
3971,20
3972,21
3973,22
3974,23
3975,24
3976,25
3977,26
3978,1
3979,2
3980,3
3981,4
3982,5
3983,6
3984,7
3985,8
3986,9
3987,10
3988,11
3989,12
3990,13
3991,14
3992,15
3993,16
3994,17
3995,18
3996,19
3997,20
3998,21
3999,22
4000,23
4001,24
4002,25
4003,26
4004,1
4005,2
4006,3
4007,4
4008,5
4009,6
4010,7
4011,8
4012,9
4013,10
4014,11
4015,12
4016,13
4017,14
4018,15
4019,16
4020,17
4021,18
4022,19
4023,20
4024,21
4025,22
4026,23
4027,24
4028,25
4029,26
4030,1
4031,2
4032,3
4033,4
4034,5
4035,6
4036,7
4037,8
4038,9
4039,10
4040,11
4041,12
4042,13
4043,14
4044,15
4045,16
4046,17
4047,18
4048,19
4049,20
4050,21
4051,22
4052,23
4053,24
4054,25
4055,26
4056,1
4057,2
4058,3
4059,4
4060,5
4061,6
4062,7
4063,8
4064,9
4065,10
4066,11
4067,12
4068,13
4069,14
4070,15
4071,16
4072,17
4073,18
4074,19
4075,20
4076,21
4077,22
4078,23
4079,24
4080,25
4081,26
4082,1
4083,2
4084,3
4085,4
4086,5
4087,6
4088,7
4089,8
4090,9
4091,10
4092,11
4093,12
4094,13
4095,14
4096,15
4097,16
4098,17
4099,18
4100,19
4101,20
4102,21
4103,22
4104,23
4105,24
4106,25
4107,26
4108,1
4109,2
4110,3
4111,4
4112,5
4113,6
4114,7
4115,8
4116,9
4117,10
4118,11
4119,12
4120,13
4121,14
4122,15
4123,16
4124,17
4125,18
4126,19
4127,20
4128,21
4129,22
4130,23
4131,24
4132,25
4133,26
4134,1
4135,2
4136,3
4137,4
4138,5
4139,6
4140,7
4141,8
4142,9
4143,10
4144,11
4145,12
4146,13
4147,14
4148,15
4149,16
4150,17
4151,18
4152,19
4153,20
4154,21
4155,22
4156,23
4157,24
4158,25
4159,26
4160,1
4161,2
4162,3
4163,4
4164,5
4165,6
4166,7
4167,8
4168,9
4169,10
4170,11
4171,12
4172,13
4173,14
4174,15
4175,16
4176,17
4177,18
4178,19
4179,20
4180,21
4181,22
4182,23
4183,24
4184,25
4185,26
4186,1
4187,2
4188,3
4189,4
4190,5
4191,6
4192,7
4193,8
4194,9
4195,10
4196,11
4197,12
4198,13
4199,14
4200,15
4201,16
4202,17
4203,18
4204,19
4205,20
4206,21
4207,22
4208,23
4209,24
4210,25
4211,26
4212,1
4213,2
4214,3
4215,4
4216,5
4217,6
4218,7
4219,8
4220,9
4221,10
4222,11
4223,12
4224,13
4225,14
4226,15
4227,16
4228,17
4229,18
4230,19
4231,20
4232,21
4233,22
4234,23
4235,24
4236,25
4237,26
4238,1
4239,2
4240,3
4241,4
4242,5
4243,6
4244,7
4245,8
4246,9
4247,10
4248,11
4249,12
4250,13
4251,14
4252,15
4253,16
4254,17
4255,18
4256,19
4257,20
4258,21
4259,22
4260,23
4261,24
4262,25
4263,26
4264,1
4265,2
4266,3
4267,4
4268,5
4269,6
4270,7
4271,8
4272,9
4273,10
4274,11
4275,12
4276,13
4277,14
4278,15
4279,16
4280,17
4281,18
4282,19
4283,20
4284,21
4285,22
4286,23
4287,24
4288,25
4289,26
4290,1
4291,2
4292,3
4293,4
4294,5
4295,6
4296,7
4297,8
4298,9
4299,10
4300,11
4301,12
4302,13
4303,14
4304,15
4305,16
4306,17
4307,18
4308,19
4309,20
4310,21
4311,22
4312,23
4313,24
4314,25
4315,26
4316,1
4317,2
4318,3
4319,4
4320,5
4321,6
4322,7
4323,8
4324,9
4325,10
4326,11
4327,12
4328,13
4329,14
4330,15
4331,16
4332,17
4333,18
4334,19
4335,20
4336,21
4337,22
4338,23
4339,24
4340,25
4341,26
4342,1
4343,2
4344,3
4345,4
4346,5
4347,6
4348,7
4349,8
4350,9
4351,10
4352,11
4353,12
4354,13
4355,14
4356,15
4357,16
4358,17
4359,18
4360,19
4361,20
4362,21
4363,22
4364,23
4365,24
4366,25
4367,26
4368,1
4369,2
4370,3
4371,4
4372,5
4373,6
4374,7
4375,8
4376,9
4377,10
4378,11
4379,12
4380,13
4381,14
4382,15
4383,16
4384,17
4385,18
4386,19
4387,20
4388,21
4389,22
4390,23
4391,24
4392,25
4393,26
4394,1
4395,2
4396,3
4397,4
4398,5
4399,6
4400,7
4401,8
4402,9
4403,10
4404,11
4405,12
4406,13
4407,14
4408,15
4409,16
4410,17
4411,18
4412,19
4413,20
4414,21
4415,22
4416,23
4417,24
4418,25
4419,26
4420,1
4421,2
4422,3
4423,4
4424,5
4425,6
4426,7
4427,8
4428,9
4429,10
4430,11
4431,12
4432,13
4433,14
4434,15
4435,16
4436,17
4437,18
4438,19
4439,20
4440,21
4441,22
4442,23
4443,24
4444,25
4445,26
4446,1
4447,2
4448,3
4449,4
4450,5
4451,6
4452,7
4453,8
4454,9
4455,10
4456,11
4457,12
4458,13
4459,14
4460,15
4461,16
4462,17
4463,18
4464,19
4465,20
4466,21
4467,22
4468,23
4469,24
4470,25
4471,26
4472,1
4473,2
4474,3
4475,4
4476,5
4477,6
4478,7
4479,8
4480,9
4481,10
4482,11
4483,12
4484,13
4485,14
4486,15
4487,16
4488,17
4489,18
4490,19
4491,20
4492,21
4493,22
4494,23
4495,24
4496,25
4497,26
4498,1
4499,2
4500,3
4501,4
4502,5
4503,6
4504,7
4505,8
4506,9
4507,10
4508,11
4509,12
4510,13
4511,14
4512,15
4513,16
4514,17
4515,18
4516,19
4517,20
4518,21
4519,22
4520,23
4521,24
4522,25
4523,26
4524,1
4525,2
4526,3
4527,4
4528,5
4529,6
4530,7
4531,8
4532,9
4533,10
4534,11
4535,12
4536,13
4537,14
4538,15
4539,16
4540,17
4541,18
4542,19
4543,20
4544,21
4545,22
4546,23
4547,24
4548,25
4549,26
4550,1
4551,2
4552,3
4553,4
4554,5
4555,6
4556,7
4557,8
4558,9
4559,10
4560,11
4561,12
4562,13
4563,14
4564,15
4565,16
4566,17
4567,18
4568,19
4569,20
4570,21
4571,22
4572,23
4573,24
4574,25
4575,26
4576,1
4577,2
4578,3
4579,4
4580,5
4581,6
4582,7
4583,8
4584,9
4585,10
4586,11
4587,12
4588,13
4589,14
4590,15
4591,16
4592,17
4593,18
4594,19
4595,20
4596,21
4597,22
4598,23
4599,24
4600,25
4601,26
4602,1
4603,2
4604,3
4605,4
4606,5
4607,6
4608,7
4609,8
4610,9
4611,10
4612,11
4613,12
4614,13
4615,14
4616,15
4617,16
4618,17
4619,18
4620,19
4621,20
4622,21
4623,22
4624,23
4625,24
4626,25
4627,26
4628,1
4629,2
4630,3
4631,4
4632,5
4633,6
4634,7
4635,8
4636,9
4637,10
4638,11
4639,12
4640,13
4641,14
4642,15
4643,16
4644,17
4645,18
4646,19
4647,20
4648,21
4649,22
4650,23
4651,24
4652,25
4653,26
4654,1
4655,2
4656,3
4657,4
4658,5
4659,6
4660,7
4661,8
4662,9
4663,10
4664,11
4665,12
4666,13
4667,14
4668,15
4669,16
4670,17
4671,18
4672,19
4673,20
4674,21
4675,22
4676,23
4677,24
4678,25
4679,26
4680,1
4681,2
4682,3
4683,4
4684,5
4685,6
4686,7
4687,8
4688,9
4689,10
4690,11
4691,12
4692,13
4693,14
4694,15
4695,16
4696,17
4697,18
4698,19
4699,20
4700,21
4701,22
4702,23
4703,24
4704,25
4705,26
4706,1
4707,2
4708,3
4709,4
4710,5
4711,6
4712,7
4713,8
4714,9
4715,10
4716,11
4717,12
4718,13
4719,14
4720,15
4721,16
4722,17
4723,18
4724,19
4725,20
4726,21
4727,22
4728,23
4729,24
4730,25
4731,26
4732,1
4733,2
4734,3
4735,4
4736,5
4737,6
4738,7
4739,8
4740,9
4741,10
4742,11
4743,12
4744,13
4745,14
4746,15
4747,16
4748,17
4749,18
4750,19
4751,20
4752,21
4753,22
4754,23
4755,24
4756,25
4757,26
4758,1
4759,2
4760,3
4761,4
4762,5
4763,6
4764,7
4765,8
4766,9
4767,10
4768,11
4769,12
4770,13
4771,14
4772,15
4773,16
4774,17
4775,18
4776,19
4777,20
4778,21
4779,22
4780,23
4781,24
4782,25
4783,26
4784,1
4785,2
4786,3
4787,4
4788,5
4789,6
4790,7
4791,8
4792,9
4793,10
4794,11
4795,12
4796,13
4797,14
4798,15
4799,16
4800,17
4801,18
4802,19
4803,20
4804,21
4805,22
4806,23
4807,24
4808,25
4809,26
4810,1
4811,2
4812,3
4813,4
4814,5
4815,6
4816,7
4817,8
4818,9
4819,10
4820,11
4821,12
4822,13
4823,14
4824,15
4825,16
4826,17
4827,18
4828,19
4829,20
4830,21
4831,22
4832,23
4833,24
4834,25
4835,26
4836,1
4837,2
4838,3
4839,4
4840,5
4841,6
4842,7
4843,8
4844,9
4845,10
4846,11
4847,12
4848,13
4849,14
4850,15
4851,16
4852,17
4853,18
4854,19
4855,20
4856,21
4857,22
4858,23
4859,24
4860,25
4861,26
4862,1
4863,2
4864,3
4865,4
4866,5
4867,6
4868,7
4869,8
4870,9
4871,10
4872,11
4873,12
4874,13
4875,14
4876,15
4877,16
4878,17
4879,18
4880,19
4881,20
4882,21
4883,22
4884,23
4885,24
4886,25
4887,26
4888,1
4889,2
4890,3
4891,4
4892,5
4893,6
4894,7
4895,8
4896,9
4897,10
4898,11
4899,12
4900,13
4901,14
4902,15
4903,16
4904,17
4905,18
4906,19
4907,20
4908,21
4909,22
4910,23
4911,24
4912,25
4913,26
4914,1
4915,2
4916,3
4917,4
4918,5
4919,6
4920,7
4921,8
4922,9
4923,10
4924,11
4925,12
4926,13
4927,14
4928,15
4929,16
4930,17
4931,18
4932,19
4933,20
4934,21
4935,22
4936,23
4937,24
4938,25
4939,26
4940,1
4941,2
4942,3
4943,4
4944,5
4945,6
4946,7
4947,8
4948,9
4949,10
4950,11
4951,12
4952,13
4953,14
4954,15
4955,16
4956,17
4957,18
4958,19
4959,20
4960,21
4961,22
4962,23
4963,24
4964,25
4965,26
4966,1
4967,2
4968,3
4969,4
4970,5
4971,6
4972,7
4973,8
4974,9
4975,10
4976,11
4977,12
4978,13
4979,14
4980,15
4981,16
4982,17
4983,18
4984,19
4985,20
4986,21
4987,22
4988,23
4989,24
4990,25
4991,26
4992,1
4993,2
4994,3
4995,4
4996,5
4997,6
4998,7
4999,8
5000,9
5001,10
5002,11
5003,12
5004,13
5005,14
5006,15
5007,16
5008,17
5009,18
5010,19
5011,20
5012,21
5013,22
5014,23
5015,24
5016,25
5017,26
5018,1
5019,2
5020,3
5021,4
5022,5
5023,6
5024,7
5025,8
5026,9
5027,10
5028,11
5029,12
5030,13
5031,14
5032,15
5033,16
5034,17
5035,18
5036,19
5037,20
5038,21
5039,22
5040,23
5041,24
5042,25
5043,26
5044,1
5045,2
5046,3
5047,4
5048,5
5049,6
5050,7
5051,8
5052,9
5053,10
5054,11
5055,12
5056,13
5057,14
5058,15
5059,16
5060,17
5061,18
5062,19
5063,20
5064,21
5065,22
5066,23
5067,24
5068,25
5069,26
5070,1
5071,2
5072,3
5073,4
5074,5
5075,6
5076,7
5077,8
5078,9
5079,10
5080,11
5081,12
5082,13
5083,14
5084,15
5085,16
5086,17
5087,18
5088,19
5089,20
5090,21
5091,22
5092,23
5093,24
5094,25
5095,26
5096,1
5097,2
5098,3
5099,4
5100,5
5101,6
5102,7
5103,8
5104,9
5105,10
5106,11
5107,12
5108,13
5109,14
5110,15
5111,16
5112,17
5113,18
5114,19
5115,20
5116,21
5117,22
5118,23
5119,24
5120,25
5121,26
5122,1
5123,2
5124,3
5125,4
5126,5
5127,6
5128,7
5129,8
5130,9
5131,10
5132,11
5133,12
5134,13
5135,14
5136,15
5137,16
5138,17
5139,18
5140,19
5141,20
5142,21
5143,22
5144,23
5145,24
5146,25
5147,26
5148,1
5149,2
5150,3
5151,4
5152,5
5153,6
5154,7
5155,8
5156,9
5157,10
5158,11
5159,12
5160,13
5161,14
5162,15
5163,16
5164,17
5165,18
5166,19
5167,20
5168,21
5169,22
5170,23
5171,24
5172,25
5173,26
5174,1
5175,2
5176,3
5177,4
5178,5
5179,6
5180,7
5181,8
5182,9
5183,10
5184,11
5185,12
5186,13
5187,14
5188,15
5189,16
5190,17
5191,18
5192,19
5193,20
5194,21
5195,22
5196,23
5197,24
5198,25
5199,26
5200,1
5201,2
5202,3
5203,4
5204,5
5205,6
5206,7
5207,8
5208,9
5209,10
5210,11
5211,12
5212,13
5213,14
5214,15
5215,16
5216,17
5217,18
5218,19
5219,20
5220,21
5221,22
5222,23
5223,24
5224,25
5225,26
5226,1
5227,2
5228,3
5229,4
5230,5
5231,6
5232,7
5233,8
5234,9
5235,10
5236,11
5237,12
5238,13
5239,14
5240,15
5241,16
5242,17
5243,18
5244,19
5245,20
5246,21
5247,22
5248,23
5249,24
5250,25
5251,26
5252,1
5253,2
5254,3
5255,4
5256,5
5257,6
5258,7
5259,8
5260,9
5261,10
5262,11
5263,12
5264,13
5265,14
5266,15
5267,16
5268,17
5269,18
5270,19
5271,20
5272,21
5273,22
5274,23
5275,24
5276,25
5277,26
5278,1
5279,2
5280,3
5281,4
5282,5
5283,6
5284,7
5285,8
5286,9
5287,10
5288,11
5289,12
5290,13
5291,14
5292,15
5293,16
5294,17
5295,18
5296,19
5297,20
5298,21
5299,22
5300,23
5301,24
5302,25
5303,26
5304,1
5305,2
5306,3
5307,4
5308,5
5309,7
5310,8
5311,9
5312,10
5313,11
5314,12
5315,13
5316,14
5317,15
5318,16
5319,17
5320,18
5321,19
5322,20
5323,21
5324,22
5325,23
5326,24
5327,25
5328,26
5329,1
5330,2
5331,3
5332,4
5333,5
5334,6
5335,7
5336,8
5337,9
5338,10
5339,11
5340,12
5341,13
5342,14
5343,15
5344,16
5345,17
5346,18
5347,19
5348,20
5349,21
5350,22
5351,23
5352,24
5353,25
5354,26
5355,1
5356,2
5357,3
5358,4
5359,5
5360,6
5361,7
5362,8
5363,9
5364,10
5365,11
5366,12
5367,13
5368,14
5369,15
5370,16
5371,17
5372,18
5373,19
5374,20
5375,21
5376,22
5377,23
5378,24
5379,25
5380,26
5381,1
5382,2
5383,3
5384,4
5385,5
5386,6
5387,7
5388,8
5389,9
5390,10
5391,11
5392,12
5393,13
5394,14
5395,15
5396,16
5397,17
5398,18
5399,19
5400,20
5401,21
5402,22
5403,23
5404,24
5405,25
5406,26
5407,1
5408,2
5409,3
5410,4
5411,5
5412,6
5413,7
5414,8
5415,9
5416,10
5417,11
5418,12
5419,13
5420,14
5421,15
5422,16
5423,17
5424,18
5425,19
5426,20
5427,21
5428,22
5429,23
5430,24
5431,25
5432,26
5433,1
5434,2
5435,3
5436,4
5437,5
5438,6
5439,7
5440,8
5441,9
5442,10
5443,11
5444,12
5445,13
5446,14
5447,15
5448,16
5449,17
5450,18
5451,19
5452,20
5453,21
5454,22
5455,23
5456,24
5457,25
5458,26
5459,1
5460,2
5461,3
5462,4
5463,5
5464,6
5465,7
5466,8
5467,9
5468,10
5469,11
5470,12
5471,13
5472,14
5473,15
5474,16
5475,17
5476,18
5477,19
5478,20
5479,21
5480,22
5481,23
5482,24
5483,25
5484,26
5485,1
5486,2
5487,3
5488,4
5489,5
5490,6
5491,7
5492,8
5493,9
5494,10
5495,11
5496,12
5497,13
5498,14
5499,15
5500,16
5501,17
5502,18
5503,19
5504,20
5505,21
5506,22
5507,23
5508,24
5509,25
5510,26
5511,1
5512,2
5513,3
5514,4
5515,5
5516,6
5517,7
5518,8
5519,9
5520,10
5521,11
5522,12
5523,13
5524,14
5525,15
5526,16
5527,17
5528,18
5529,19
5530,20
5531,21
5532,22
5533,23
5534,24
5535,25
5536,26
5537,1
5538,2
5539,3
5540,4
5541,5
5542,6
5543,7
5544,8
5545,9
5546,10
5547,11
5548,12
5549,13
5550,14
5551,15
5552,16
5553,17
5554,18
5555,19
5556,20
5557,21
5558,22
5559,23
5560,24
5561,25
5562,26
5563,1
5564,2
5565,3
5566,4
5567,5
5568,6
5569,7
5570,8
5571,9
5572,10
5573,11
5574,12
5575,13
5576,14
5577,15
5578,16
5579,17
5580,18
5581,19
5582,20
5583,21
5584,22
5585,23
5586,24
5587,25
5588,26
5589,1
5590,2
5591,3
5592,4
5593,5
5594,6
5595,7
5596,8
5597,9
5598,10
5599,11
5600,12
5601,13
5602,14
5603,15
5604,16
5605,17
5606,18
5607,19
5608,20
5609,21
5610,22
5611,23
5612,24
5613,25
5614,26
5615,1
5616,2
5617,3
5618,4
5619,5
5620,6
5621,7
5622,8
5623,9
5624,10
5625,11
5626,12
5627,13
5628,14
5629,15
5630,16
5631,17
5632,18
5633,19
5634,20
5635,21
5636,22
5637,23
5638,24
5639,25
5640,26
5641,1
5642,2
5643,3
5644,4
5645,5
5646,6
5647,7
5648,8
5649,9
5650,10
5651,11
5652,12
5653,13
5654,14
5655,15
5656,16
5657,17
5658,18
5659,19
5660,20
5661,21
5662,22
5663,23
5664,24
5665,25
5666,26
5667,1
5668,2
5669,3
5670,4
5671,5
5672,6
5673,7
5674,8
5675,9
5676,10
5677,11
5678,12
5679,13
5680,14
5681,15
5682,16
5683,17
5684,18
5685,19
5686,20
5687,21
5688,22
5689,23
5690,24
5691,25
5692,26
5693,1
5694,2
5695,3
5696,4
5697,5
5698,6
5699,7
5700,8
5701,9
5702,10
5703,11
5704,12
5705,13
5706,14
5707,15
5708,16
5709,17
5710,18
5711,19
5712,20
5713,21
5714,22
5715,23
5716,24
5717,25
5718,26
5719,1
5720,2
5721,3
5722,4
5723,5
5724,6
5725,7
5726,8
5727,9
5728,10
5729,11
5730,12
5731,13
5732,14
5733,15
5734,16
5735,17
5736,18
5737,19
5738,20
5739,21
5740,22
5741,23
5742,24
5743,25
5744,26
5745,1
5746,2
5747,3
5748,4
5749,5
5750,6
5751,7
5752,8
5753,9
5754,10
5755,11
5756,12
5757,13
5758,14
5759,15
5760,16
5761,17
5762,18
5763,19
5764,20
5765,21
5766,22
5767,23
5768,24
5769,25
5770,26
5771,1
5772,2
5773,3
5774,4
5775,5
5776,6
5777,7
5778,8
5779,9
5780,10
5781,11
5782,12
5783,13
5784,14
5785,15
5786,16
5787,17
5788,18
5789,19
5790,20
5791,21
5792,22
5793,23
5794,24
5795,25
5796,26
5797,1
5798,2
5799,3
5800,4
5801,5
5802,6
5803,7
5804,8
5805,9
5806,10
5807,11
5808,12
5809,13
5810,14
5811,15
5812,16
5813,17
5814,18
5815,19
5816,20
5817,21
5818,22
5819,23
5820,24
5821,25
5822,26
5823,1
5824,2
5825,3
5826,4
5827,5
5828,6
5829,7
5830,8
5831,9
5832,10
5833,11
5834,12
5835,13
5836,14
5837,15
5838,16
5839,17
5840,18
5841,19
5842,20
5843,21
5844,22
5845,23
5846,24
5847,25
5848,26
5849,1
5850,2
5851,3
5852,4
5853,5
5854,6
5855,7
5856,8
5857,9
5858,10
5859,11
5860,12
5861,13
5862,14
5863,15
5864,16
5865,17
5866,18
5867,19
5868,20
5869,21
5870,22
5871,23
5872,24
5873,25
5874,26
5875,1
5876,2
5877,3
5878,4
5879,5
5880,6
5881,7
5882,8
5883,9
5884,10
5885,11
5886,12
5887,13
5888,14
5889,15
5890,16
5891,17
5892,18
5893,19
5894,20
5895,21
5896,22
5897,23
5898,24
5899,25
5900,26
5901,1
5902,2
5903,3
5904,4
5905,5
5906,6
5907,7
5908,8
5909,9
5910,10
5911,11
5912,12
5913,13
5914,14
5915,15
5916,16
5917,17
5918,18
5919,19
5920,20
5921,21
5922,22
5923,23
5924,24
5925,25
5926,26
5927,1
5928,2
5929,3
5930,4
5931,5
5932,7
5933,8
5934,9
5935,10
5936,11
5937,12
5938,13
5939,14
5940,15
5941,16
5942,17
5943,18
5944,19
5945,20
5946,21
5947,22
5948,23
5949,24
5950,25
5951,26
5952,1
5953,2
5954,3
5955,4
5956,5
5957,6
5958,7
5959,8
5960,9
5961,10
5962,11
5963,12
5964,13
5965,14
5966,15
5967,16
5968,17
5969,18
5970,19
5971,20
5972,21
5973,22
5974,23
5975,24
5976,25
5977,26
5978,1
5979,2
5980,3
5981,4
5982,5
5983,6
5984,7
5985,8
5986,9
5987,10
5988,11
5989,12
5990,13
5991,14
5992,15
5993,16
5994,17
5995,18
5996,19
5997,20
5998,21
5999,22
6000,23
6001,24
6002,25
6003,26
6004,1
6005,2
6006,3
6007,4
6008,5
6009,6
6010,7
6011,8
6012,9
6013,10
6014,11
6015,12
6016,13
6017,14
6018,15
6019,16
6020,17
6021,18
6022,19
6023,20
6024,21
6025,22
6026,23
6027,24
6028,25
6029,26
6030,1
6031,2
6032,3
6033,4
6034,5
6035,6
6036,7
6037,8
6038,9
6039,10
6040,11
6041,12
6042,13
6043,14
6044,15
6045,16
6046,17
6047,18
6048,19
6049,20
6050,21
6051,22
6052,23
6053,24
6054,25
6055,26
6056,1
6057,2
6058,3
6059,4
6060,5
6061,6
6062,7
6063,8
6064,9
6065,10
6066,11
6067,12
6068,13
6069,14
6070,15
6071,16
6072,17
6073,18
6074,19
6075,20
6076,21
6077,22
6078,23
6079,24
6080,25
6081,26
6082,1
6083,2
6084,3
6085,4
6086,5
6087,6
6088,7
6089,8
6090,9
6091,10
6092,11
6093,12
6094,13
6095,14
6096,15
6097,16
6098,17
6099,18
6100,19
6101,20
6102,21
6103,22
6104,23
6105,24
6106,25
6107,26
6108,1
6109,2
6110,3
6111,4
6112,5
6113,6
6114,7
6115,8
6116,9
6117,10
6118,11
6119,12
6120,13
6121,14
6122,15
6123,16
6124,17
6125,18
6126,19
6127,20
6128,21
6129,22
6130,23
6131,24
6132,25
6133,26
6134,1
6135,2
6136,3
6137,4
6138,5
6139,6
6140,7
6141,8
6142,9
6143,10
6144,11
6145,12
6146,13
6147,14
6148,15
6149,16
6150,17
6151,18
6152,19
6153,20
6154,21
6155,22
6156,23
6157,24
6158,25
6159,26
6160,1
6161,2
6162,3
6163,4
6164,5
6165,6
6166,7
6167,8
6168,9
6169,10
6170,11
6171,12
6172,13
6173,14
6174,15
6175,16
6176,17
6177,18
6178,19
6179,20
6180,21
6181,22
6182,23
6183,24
6184,25
6185,26
6186,1
6187,2
6188,3
6189,4
6190,5
6191,6
6192,7
6193,8
6194,9
6195,10
6196,11
6197,12
6198,13
6199,14
6200,15
6201,16
6202,17
6203,18
6204,19
6205,20
6206,21
6207,22
6208,23
6209,24
6210,25
6211,26
6212,1
6213,2
6214,3
6215,4
6216,5
6217,6
6218,7
6219,8
6220,9
6221,10
6222,11
6223,12
6224,13
6225,14
6226,15
6227,16
6228,17
6229,18
6230,19
6231,20
6232,21
6233,22
6234,23
6235,24
6236,25
6237,26
